bowler_id,bowler_name,bowling_style,is_right_armed,career_deliveries,career_wide_rate,career_no_ball_rate,formats_played,career_avg_speed_kmh,career_speed_std,career_speed_min,career_speed_max,career_speed_q25,career_speed_q75,career_speed_samples,career_speed_cv,career_avg_pitch_x,career_avg_pitch_y,career_pitch_x_std,career_pitch_y_std,career_avg_stumps_x,career_avg_stumps_y,career_avg_lateral_swing,career_swing_std,career_traj_samples,dtype_pct_full,dtype_pct_full_toss,dtype_pct_good_length,dtype_pct_short,dtype_pct_short_of_length,dtype_pct_unknown,dtype_pct_yorker,avg_speed_death,avg_speed_mid,avg_speed_pp
1,MS Dhoni,MEDIUM_SEAM,1.0,31,0.03226,0.0,IPL_Men,119.62742,4.45352,112.3668,126.3492,116.1,123.5844,25.0,0.0372,-0.42052,7.107,0.24375,1.73034,-0.27404,0.73884,0.14648,0.12322,25.0,0.35484,0.0,0.32258,0.0,0.0,0.19355,0.12903,119.62742,127.43109,130.39351
3,Jade Dernbach,unknown,0.0,231,0.03896,0.0,IPL_Men,136.33232,8.07925,91.548,146.7144,135.6093,140.2758,192.0,0.0593,-0.38001,8.1347,0.24506,2.48922,-0.10649,0.88739,0.27352,0.21106,191.0,0.2684,0.01732,0.41126,0.00866,0.06926,0.13853,0.08658,134.74112,138.12408,138.06702
7,Murali Vijay,SEAM,0.0,75,0.04,0.0,IPL_Men,92.68591,5.78709,81.0108,105.6996,89.4996,96.6618,35.0,0.0624,0.04494,4.55876,0.45629,1.63054,0.07585,0.51509,0.03091,0.16403,34.0,0.10667,0.02667,0.01333,0.0,0.0,0.53333,0.32,124.25422,92.35512,94.67064
8,Ravichandran Ashwin,OFF_SPIN,1.0,19807,0.00762,0.0005,IPL_Men,86.27088,5.77265,57.348,143.1252,82.5012,89.9532,17141.0,0.0669,-0.09268,4.66106,0.29969,1.0778,0.0238,0.70308,0.11648,0.2493,17128.0,0.17878,0.00944,0.00268,5e-05,5e-05,0.10072,0.70828,85.63914,87.8335,88.09933
9,Ravindra Jadeja,ORTHODOX,0.0,16314,0.00417,0.00159,IPL_Men,91.59439,4.92511,69.5124,158.868,88.6428,94.2876,13700.0,0.0538,-0.00786,4.81291,0.31128,1.09911,-0.05905,0.67181,-0.05119,0.22778,13682.0,0.21619,0.00582,0.00362,6e-05,6e-05,0.12964,0.6446,90.95547,93.97226,92.24509
10,Shadab Jakati,SEAM,0.0,425,0.01412,0.00235,IPL_Men,88.21839,3.8094,77.382,99.4284,85.7268,90.5004,389.0,0.0432,-0.08242,5.26188,0.31881,1.56379,-0.07277,0.61299,0.00965,0.17371,385.0,0.40471,0.02824,0.02118,0.01176,0.0,0.08,0.45412,88.08609,88.10802,89.10475
14,Suresh Raina,OFF_SPIN,1.0,1504,0.01463,0.0,IPL_Men,90.55106,5.4909,66.1464,143.7804,87.0624,94.1922,1192.0,0.0606,0.00433,5.25797,0.25036,1.37718,0.01643,0.64547,0.0121,0.19088,1190.0,0.33444,0.01263,0.01729,0.0,0.0,0.17154,0.4641,89.49581,92.551,91.5931
15,Yo Mahesh,SEAM,0.0,61,0.08197,0.0,IPL_Men,129.02181,5.18003,112.2516,137.232,126.72,131.9814,51.0,0.0401,-0.21462,7.859,0.31928,2.07037,-0.15604,0.81012,0.05858,0.29996,50.0,0.37705,0.01639,0.42623,0.0,0.04918,0.08197,0.04918,130.40691,128.80145,128.92869
17,Ben Hilfenhaus,SEAM,1.0,390,0.03846,0.00769,IPL_Men,135.97049,8.36371,94.338,147.0312,135.2556,140.2344,326.0,0.0615,-0.16397,7.55632,0.25472,2.53884,-0.13822,0.80825,0.02575,0.23536,313.0,0.30513,0.03333,0.32051,0.00256,0.0641,0.1359,0.13846,133.68476,137.13626,136.89031
18,Doug Bollinger,SEAM,0.0,113,0.04425,0.0,IPL_Men,133.8266,7.79555,81.0324,142.4808,131.9364,137.8224,109.0,0.0583,0.09347,7.43073,0.25442,2.61081,-0.20288,0.83472,-0.29636,0.22509,104.0,0.24779,0.0354,0.39823,0.0,0.0354,0.07965,0.20354,129.18288,134.29675,136.12121
20,Michael Hussey,MEDIUM_SEAM,1.0,63,0.04762,0.0,IPL_Men,113.74957,3.45014,101.3616,118.548,112.4424,115.8984,39.0,0.0303,-0.21497,6.04505,0.35506,1.93019,-0.01864,0.88041,0.19633,0.26566,39.0,0.42857,0.01587,0.12698,0.0,0.0,0.0,0.42857,113.74957,127.43109,130.39351
21,Suraj Randiv,unknown,0.0,124,0.0,0.0,IPL_Men,85.12548,3.45843,73.9908,92.1384,82.4868,87.8724,123.0,0.0406,-0.17573,5.10707,0.23631,1.02003,0.04002,0.75042,0.21576,0.18741,123.0,0.3629,0.00806,0.0,0.0,0.0,0.0,0.62903,85.26397,84.67659,129.56412
22,Scott Styris,MEDIUM_SEAM,1.0,144,0.00694,0.0,IPL_Men,113.97033,7.66318,100.2888,130.986,108.4374,119.0466,132.0,0.0672,-0.10298,6.27406,0.16747,1.91321,0.02977,0.67526,0.13274,0.10368,132.0,0.5,0.02083,0.16667,0.0,0.00694,0.02778,0.27778,113.97033,127.43109,130.39351
23,Nuwan Kulasekara,FAST_SEAM,1.0,2624,0.02058,0.00267,IPL_Men,125.70099,5.37199,78.7104,144.0108,123.7212,127.9512,1883.0,0.0427,-0.22254,7.03763,0.29889,1.80273,0.01559,0.74774,0.23812,0.22505,1868.0,0.46799,0.00724,0.16082,0.00076,0.02134,0.24085,0.10099,124.68806,125.58301,126.74502
24,Faf du Plessis,LEG_SPIN,1.0,139,0.01439,0.0,IPL_Men,84.76957,3.88803,75.6576,93.006,81.9153,87.7014,136.0,0.0459,0.01187,4.72942,0.22958,1.46497,-0.06947,0.75989,-0.08134,0.1832,131.0,0.28777,0.02878,0.00719,0.0,0.0,0.05036,0.6259,84.76957,86.51212,88.8083
25,Dwayne Bravo,MEDIUM_SEAM,1.0,3426,0.04437,0.00204,IPL_Men,124.84903,11.97928,43.5312,148.4244,115.5087,133.0965,3050.0,0.096,-0.15772,6.22725,0.39965,2.95897,-0.00028,0.72234,0.15745,0.25738,2925.0,0.32312,0.07939,0.14536,0.00409,0.07093,0.11675,0.26036,124.66126,125.17571,124.51695
26,Albie Morkel,SEAM,0.0,723,0.04703,0.00277,IPL_Men,131.62762,8.31227,88.992,150.1884,129.312,136.5156,636.0,0.0631,-0.29992,7.7496,0.24547,2.18588,-0.1142,0.84387,0.18571,0.22901,630.0,0.36238,0.01245,0.34993,0.00692,0.05394,0.0982,0.11618,129.36217,130.81873,133.17184
27,Kumar Sangakkara,OFF_SPIN,1.0,6,0.0,0.0,IPL_Men,85.6488,7.59489,80.8092,100.8648,81.6282,84.4569,6.0,0.0887,-0.19467,4.69617,0.47611,4.20278,-0.59667,0.48283,-0.402,0.39884,6.0,0.0,0.5,0.33333,0.0,0.0,0.0,0.16667,85.6488,86.56654,88.28374
29,Akshath Reddy,SEAM,0.0,19,0.0,0.05263,IPL_Men,106.90939,15.52019,83.8332,132.5808,96.8238,120.1806,19.0,0.1452,-0.35588,6.65947,0.37399,2.92818,-0.28476,0.56782,0.07112,0.24225,17.0,0.21053,0.10526,0.36842,0.0,0.0,0.05263,0.26316,101.33031,118.9974,128.92869
30,Amit Mishra,LEG_SPIN,1.0,4256,0.00963,0.0054,IPL_Men,83.71843,6.73138,65.772,147.0312,79.308,87.174,3702.0,0.0804,-0.10313,4.69818,0.27238,1.23452,-0.10832,0.63468,-0.00519,0.27323,3694.0,0.20982,0.01198,0.00587,0.0,0.00047,0.09868,0.67317,82.05625,85.3842,85.1778
31,Anand Rajan,SEAM,0.0,127,0.05512,0.00787,IPL_Men,127.38129,8.36586,101.7504,139.482,125.6004,133.1397,126.0,0.0657,-0.27013,7.42807,0.26498,2.26986,-0.08736,0.78528,0.18277,0.18784,122.0,0.35433,0.0,0.37795,0.00787,0.02362,0.0315,0.20472,125.74332,127.45496,129.66897
32,Ankit Sharma,SEAM,0.0,375,0.02133,0.0,IPL_Men,90.12252,4.4881,78.84,125.8236,87.6726,91.9656,355.0,0.0498,-0.16047,5.29955,0.25342,1.22408,-0.07828,0.64234,0.08219,0.14562,355.0,0.424,0.00533,0.00533,0.0,0.0,0.02667,0.53867,91.29338,90.01606,89.73982
34,Ashish Reddy,SEAM,0.0,251,0.0239,0.00398,IPL_Men,114.4125,12.67643,83.502,140.2344,100.9584,123.9948,235.0,0.1108,-0.31677,6.27762,0.31758,2.48581,-0.20072,0.66531,0.11605,0.18481,226.0,0.31474,0.05179,0.251,0.0,0.01594,0.0757,0.29084,111.08105,116.79559,128.92869
38,Ishant Sharma,FAST_SEAM,1.0,10327,0.00775,0.01394,IPL_Men,134.94144,5.08286,22.8096,151.3476,132.552,138.0564,8481.0,0.0377,-0.18115,7.29722,0.3744,1.85535,0.00257,0.85736,0.18372,0.26753,8447.0,0.49298,0.00581,0.19125,0.00029,0.04619,0.16229,0.10119,134.7943,135.01541,135.30563
40,Manpreet Gony,SEAM,1.0,341,0.04399,0.00587,IPL_Men,132.91871,6.84669,101.6424,147.114,130.5288,137.1456,329.0,0.0515,-0.20191,8.07638,0.23933,2.46219,-0.02353,0.92132,0.17838,0.18294,323.0,0.29912,0.01466,0.41642,0.01466,0.08504,0.03226,0.13783,131.13434,133.52817,133.50209
41,Shikhar Dhawan,OFF_SPIN,1.0,55,0.01818,0.0,IPL_Men,85.67631,5.11874,75.1428,95.8644,82.2492,90.1224,39.0,0.0597,-0.03813,4.47646,0.31667,1.59089,0.03985,0.63062,0.07797,0.15178,39.0,0.18182,0.05455,0.0,0.0,0.0,0.23636,0.52727,83.7774,86.32118,85.2066
45,Virender Sehwag,OFF_SPIN,1.0,36,0.0,0.0,IPL_Men,82.55677,3.7141,71.316,87.588,81.0486,84.7908,23.0,0.045,0.01878,4.6493,0.28324,1.36242,0.02513,0.57009,0.00635,0.13966,23.0,0.13889,0.0,0.0,0.0,0.0,0.33333,0.52778,85.67964,82.55677,88.28374
47,Ajit Agarkar,FAST_SEAM,1.0,153,0.04575,0.0,IPL_Men,130.87355,6.13543,112.4424,141.1632,129.5496,134.5707,144.0,0.0469,-0.30874,8.48245,0.22961,2.59466,-0.12292,0.81838,0.18582,0.1807,139.0,0.19608,0.03922,0.47712,0.00654,0.11111,0.0915,0.07843,129.35994,131.41617,135.56306
48,Ashok Dinda,SEAM,1.0,1053,0.03894,0.01235,IPL_Men,133.60243,7.62509,87.984,145.332,132.12,137.754,993.0,0.0571,-0.23577,6.97658,0.31348,3.18014,-0.10056,0.73044,0.13521,0.22533,944.0,0.25831,0.07597,0.2735,0.0,0.09972,0.08737,0.20513,131.89419,133.48625,135.35877
49,Irfan Pathan,MEDIUM_SEAM,0.0,885,0.01695,0.0,IPL_Men,126.65954,9.39103,53.3448,143.784,125.2566,132.2028,794.0,0.0741,0.02019,7.14883,0.28811,2.28409,-0.11739,0.73531,-0.13758,0.21763,772.0,0.3774,0.02712,0.32203,0.00452,0.02147,0.09718,0.15028,125.51171,125.21423,129.48546
53,Pawan Negi,ORTHODOX,0.0,733,0.02319,0.0,IPL_Men,90.26422,5.32347,71.9784,102.5136,86.4594,94.6494,667.0,0.059,-0.07735,5.13781,0.28701,1.49668,-0.01512,0.63588,0.06223,0.20713,665.0,0.34106,0.01774,0.03411,0.0,0.0,0.06685,0.54025,91.1322,90.02382,90.39335
57,Shahbaz Nadeem,ORTHODOX,0.0,1667,0.0144,0.0072,IPL_Men,89.87318,6.98223,73.2852,138.1608,85.1256,94.4856,1461.0,0.0777,-0.11095,5.25058,0.26629,1.32909,-0.04676,0.64526,0.06419,0.21607,1455.0,0.38032,0.021,0.0156,0.0,0.0,0.10558,0.4775,87.38348,89.96316,92.75568
59,Umesh Yadav,FAST_SEAM,1.0,9167,0.02116,0.00196,IPL_Men,138.55384,6.07737,58.1508,151.5636,136.5408,141.966,8225.0,0.0439,-0.14116,7.59283,0.34536,2.24369,-0.00678,0.84196,0.13438,0.25574,8116.0,0.37253,0.01473,0.33424,0.00185,0.06153,0.08694,0.12818,137.98585,138.85948,139.375
61,Varun Aaron,SEAM,1.0,1126,0.05773,0.00799,IPL_Men,138.82448,8.55711,89.6292,153.0648,136.5039,144.198,940.0,0.0616,-0.17316,7.90679,0.36473,2.84353,-0.06602,0.88501,0.10714,0.24207,911.0,0.22735,0.03197,0.33837,0.00533,0.11723,0.15542,0.12433,137.5973,138.76791,140.20546
62,Venugopal Rao,SEAM,0.0,24,0.0,0.0,IPL_Men,86.42823,2.95008,81.7884,91.512,84.1356,88.7328,19.0,0.0341,0.00832,4.61874,0.24321,1.35862,0.04684,0.58916,0.03853,0.27356,19.0,0.29167,0.0,0.0,0.0,0.0,0.0,0.70833,124.25422,85.9398,87.26554
64,Yogesh Nagar,SEAM,0.0,7,0.14286,0.0,IPL_Men,89.72383,2.74703,86.5836,94.1328,87.948,91.1664,7.0,0.0306,-0.32529,6.14971,0.14641,0.76532,0.02929,0.58214,0.35457,0.09924,7.0,0.85714,0.0,0.0,0.0,0.0,0.0,0.14286,124.25422,89.72383,128.92869
65,Adam Gilchrist,OFF_SPIN,1.0,1,0.0,0.0,IPL_Men,85.76454,4.76166,70.4754,101.4408,83.2446,88.5663,253.5,0.0577,-0.08388,4.67617,0.31081,1.21174,0.02247,0.65099,0.08884,0.23035,252.0,0.0,0.0,0.0,0.0,0.0,0.0,1.0,85.67964,86.56654,88.28374
66,Abhishek Nayar,SEAM,0.0,56,0.03571,0.0,IPL_Men,113.64446,9.02129,95.7276,131.2308,106.3656,120.7044,53.0,0.0794,-0.18302,7.22494,0.40354,1.9498,-0.08166,0.75664,0.10136,0.23734,53.0,0.51786,0.01786,0.28571,0.0,0.0,0.03571,0.14286,103.13537,115.24367,128.92869
68,Bhargav Bhatt,SEAM,0.0,131,0.00763,0.00763,IPL_Men,89.12514,4.57145,77.4072,100.2384,86.3199,92.0142,126.0,0.0513,-0.01171,4.62752,0.24148,1.36676,-0.00106,0.63308,0.01065,0.17335,126.0,0.29771,0.0458,0.0,0.0,0.0,0.01527,0.64122,91.32784,89.11276,86.63696
69,Bipul Sharma,SEAM,0.0,298,0.01342,0.0,IPL_Men,82.81033,5.19488,67.0716,128.3472,79.6734,84.9096,259.0,0.0627,-0.18656,5.17437,0.18717,1.0711,-0.05374,0.67253,0.13282,0.16137,259.0,0.35235,0.00671,0.0,0.0,0.0,0.11074,0.5302,83.2272,83.11801,80.78503
70,Harmeet Singh Bansal,SEAM,0.0,192,0.02604,0.01562,IPL_Men,118.68064,10.79114,80.4024,134.4096,113.1111,126.4365,160.0,0.0909,-0.17319,7.20619,0.26038,2.63372,-0.03774,0.75253,0.13545,0.23197,152.0,0.35938,0.01562,0.17188,0.0,0.10938,0.10417,0.23958,112.91425,120.12343,124.77918
72,Mandeep Singh,SEAM,1.0,32,0.0625,0.0,IPL_Men,112.29307,12.50252,88.4808,128.6676,105.6096,123.6024,25.0,0.1113,-0.33004,5.93524,0.3422,2.41362,-0.26616,0.58448,0.06388,0.2163,25.0,0.5,0.09375,0.125,0.0,0.0,0.125,0.15625,112.02552,112.35996,128.92869
75,Paul Valthaty,SEAM,0.0,6,0.0,0.0,IPL_Men,113.184,3.038,107.172,115.434,113.6052,114.8193,6.0,0.0268,-0.5,6.061,0.15353,2.74127,-0.38283,0.53533,0.11717,0.07359,6.0,0.16667,0.0,0.33333,0.0,0.0,0.0,0.5,124.25422,113.184,128.92869
76,Piyush Chawla,LEG_SPIN,1.0,2556,0.00782,0.00274,IPL_Men,88.48921,6.57837,73.9512,129.6,84.7332,90.9936,2391.0,0.0743,-0.18551,4.95654,0.25709,1.39268,-0.09202,0.64544,0.09348,0.22031,2385.0,0.30282,0.01252,0.01761,0.0,0.00039,0.03991,0.62676,88.00406,88.35489,91.09047
77,Praveen Kumar,SEAM,1.0,1479,0.0453,0.0,IPL_Men,125.1961,6.6481,89.316,141.4584,123.9012,129.15,1340.0,0.0531,-0.17371,6.7133,0.31128,2.69767,-0.09424,0.6954,0.07947,0.28302,1310.0,0.33604,0.07776,0.31034,0.00609,0.01826,0.08316,0.16836,124.6309,124.18313,125.63726
78,Rajagopal Sathish,SEAM,0.0,62,0.03226,0.0,IPL_Men,100.55501,12.72011,81.2232,125.7012,90.4329,113.2515,56.0,0.1265,-0.0878,6.35575,0.3473,2.08334,0.12562,0.66111,0.21342,0.23789,55.0,0.43548,0.03226,0.17742,0.0,0.01613,0.03226,0.30645,98.70375,101.94345,128.92869
82,Vikramjeet Malik,SEAM,0.0,80,0.025,0.0,IPL_Men,126.00677,8.19799,98.802,137.7576,125.7579,130.4235,76.0,0.0651,-0.3097,7.64646,0.26752,1.74599,-0.08303,0.83689,0.22667,0.26136,76.0,0.5625,0.0,0.3125,0.0,0.0375,0.0125,0.075,124.25422,124.96604,126.35368
83,Ramesh Powar,SEAM,0.0,18,0.0,0.0,IPL_Men,82.4788,6.45843,68.8572,91.0944,78.1749,87.5826,18.0,0.0783,-0.33165,4.26859,0.26675,1.38435,-0.10924,0.58176,0.22241,0.22868,17.0,0.22222,0.05556,0.0,0.0,0.0,0.05556,0.66667,124.25422,83.1003,81.2358
84,Gautam Gambhir,LEG_SPIN,1.0,12,0.0,0.0,IPL_Men,74.17755,7.5464,64.5264,84.96,69.6834,77.4108,8.0,0.1017,-0.102,2.93414,0.52412,1.67758,-0.07129,0.65471,0.03071,0.16116,7.0,0.08333,0.33333,0.08333,0.0,0.0,0.08333,0.41667,74.17755,86.51212,88.8083
85,Iqbal Abdulla,SEAM,0.0,569,0.03163,0.0,IPL_Men,90.46028,4.71164,71.784,106.1892,88.2432,92.8764,545.0,0.0521,-0.152,5.22444,0.28121,1.34726,-0.12579,0.60443,0.0262,0.1645,544.0,0.4464,0.01933,0.00527,0.0,0.0,0.01406,0.51494,92.24163,89.94898,90.76599
86,Jaydev Unadkat,MEDIUM_SEAM,0.0,1918,0.02138,0.00052,IPL_Men,124.93309,9.39807,86.7096,141.6168,117.0333,132.5745,1608.0,0.0752,0.06207,7.72264,0.38711,2.25895,-0.15904,0.86665,-0.22111,0.31817,1578.0,0.35141,0.01825,0.34411,0.00886,0.0438,0.15016,0.08342,122.20664,124.98864,128.04201
87,Lakshmipathy Balaji,SEAM,0.0,710,0.03662,0.00141,IPL_Men,127.09762,7.31726,101.2356,148.3704,125.1855,131.7051,662.0,0.0576,-0.3593,7.3976,0.34224,2.51694,-0.07616,0.77315,0.28314,0.22274,645.0,0.37887,0.04507,0.33099,0.00141,0.06479,0.05775,0.12113,124.92263,127.48331,128.52808
88,Laxmi Ratan Shukla,SEAM,0.0,88,0.02273,0.0,IPL_Men,127.80857,7.74916,104.3244,141.4512,125.1378,132.471,79.0,0.0606,-0.22149,6.74596,0.28077,2.32967,-0.01028,0.70691,0.21121,0.19569,76.0,0.43182,0.02273,0.14773,0.0,0.04545,0.13636,0.21591,128.5374,127.41901,129.5883
89,Manoj Tiwary,SEAM,1.0,25,0.04,0.0,IPL_Men,82.348,7.76215,76.572,107.6904,77.8536,84.0654,18.0,0.0943,-0.00578,5.63967,0.43885,1.47656,-0.3065,0.63667,-0.30072,0.37022,18.0,0.32,0.0,0.08,0.0,0.0,0.24,0.36,84.9348,81.35308,128.92869
91,Pradeep Sangwan,SEAM,0.0,198,0.02525,0.00505,IPL_Men,134.68515,6.56639,107.5176,146.0232,132.5943,138.6882,190.0,0.0488,0.12122,7.89641,0.31098,2.48304,-0.07775,0.86409,-0.19897,0.22742,186.0,0.29293,0.02525,0.42929,0.0,0.10101,0.0303,0.12121,131.60871,132.74705,136.32387
92,Rajat Bhatia,SEAM,1.0,1102,0.0127,0.00181,IPL_Men,103.27984,9.81156,80.3772,130.608,95.4972,112.5702,1036.0,0.095,-0.13999,5.99062,0.21923,1.8273,-0.02234,0.60069,0.11765,0.1593,1021.0,0.54991,0.0363,0.09165,0.0,0.00091,0.04356,0.27768,103.72123,103.16897,128.92869
93,Sarabjit Ladda,SEAM,0.0,24,0.0,0.0,IPL_Men,83.08534,10.60365,64.0584,101.0628,75.7674,89.2638,23.0,0.1276,-0.01713,4.72922,0.21777,1.30747,-0.005,0.58696,0.01213,0.17171,23.0,0.16667,0.0,0.0,0.0,0.0,0.0,0.83333,86.31,81.94722,128.92869
94,Mohammad Shami,FAST_SEAM,1.0,11445,0.01547,0.0021,IPL_Men,137.47154,4.95948,20.2392,153.2448,135.576,140.4432,9067.0,0.0361,-0.10805,7.56509,0.36685,2.30447,-0.01811,0.84511,0.08994,0.29344,8980.0,0.36881,0.01267,0.23145,0.00192,0.0761,0.20061,0.10843,136.83849,137.87371,138.62377
96,Yusuf Pathan,SEAM,0.0,538,0.01859,0.0,IPL_Men,91.8985,6.13336,72.4356,125.6256,88.101,95.5701,458.0,0.0667,0.00011,5.39974,0.28696,1.47202,0.00745,0.67433,0.00734,0.25471,455.0,0.41636,0.01487,0.04089,0.0,0.0,0.04089,0.48699,89.82879,92.74355,92.56423
97,Sachin Tendulkar,OFF_SPIN,1.0,69,0.04348,0.0,IPL_Men,80.16914,6.09472,68.3136,103.212,76.4748,82.4454,63.0,0.076,0.14492,4.63945,0.39414,1.53736,0.10953,0.68411,-0.03539,0.4075,62.0,0.31884,0.02899,0.01449,0.0,0.0,0.05797,0.57971,80.16914,86.56654,88.28374
98,Abu Nechim,MEDIUM_SEAM,1.0,220,0.01818,0.01818,IPL_Men,134.90154,4.90075,110.9052,142.9308,133.9407,137.745,172.0,0.0363,-0.12376,6.99392,0.38499,2.66334,-0.04636,0.73389,0.0774,0.2508,168.0,0.27273,0.02727,0.28182,0.0,0.04545,0.17727,0.19545,133.39006,135.56278,135.78216
100,Ambati Rayudu,OFF_SPIN,1.0,105,0.01905,0.0,IPL_Men,85.51557,5.006,76.8924,97.6824,82.0386,88.0686,71.0,0.0585,0.14294,4.53261,0.21901,1.38981,0.03154,0.6487,-0.1114,0.1454,70.0,0.15238,0.00952,0.00952,0.0,0.0,0.30476,0.52381,85.51557,86.56654,88.28374
101,Dhawal Kulkarni,MEDIUM_SEAM,1.0,1849,0.04002,0.00162,IPL_Men,130.57957,8.94761,69.4548,147.5568,129.8052,136.0503,1542.0,0.0685,-0.19596,7.5829,0.30521,2.4126,-0.02478,0.83088,0.17118,0.24092,1492.0,0.36344,0.03407,0.30611,0.00649,0.06165,0.15035,0.07788,129.11037,129.96572,131.74715
103,Harbhajan Singh,OFF_SPIN,1.0,3949,0.01494,0.00076,IPL_Men,88.94207,6.16913,68.3352,129.1572,84.6405,92.9394,3446.0,0.0694,-0.0814,4.9986,0.3229,1.16946,0.06829,0.72789,0.14969,0.25211,3430.0,0.28716,0.01494,0.00557,0.0,0.0,0.09597,0.59635,86.74184,89.74078,90.09648
104,Munaf Patel,SEAM,1.0,720,0.0125,0.00556,IPL_Men,129.62631,7.28916,98.9748,146.3796,127.512,134.1792,632.0,0.0562,-0.1389,7.1744,0.25618,2.19439,-0.05218,0.80105,0.08672,0.16762,614.0,0.47778,0.03889,0.3,0.00278,0.02083,0.05,0.10972,128.26196,130.50929,130.37295
105,Pawan Suyal,SEAM,0.0,107,0.06542,0.03738,IPL_Men,137.21737,4.41505,117.3816,144.6984,135.342,140.0472,95.0,0.0322,0.06978,7.37028,0.3172,3.33931,-0.14553,0.80302,-0.21531,0.21293,85.0,0.23364,0.07477,0.29907,0.01869,0.1028,0.11215,0.15888,135.6315,137.98097,137.65788
106,Pragyan Ojha,ORTHODOX,0.0,2488,0.00603,0.0004,IPL_Men,86.37334,5.51981,65.9952,139.9752,82.9764,89.1486,2367.0,0.0639,-0.065,4.62539,0.25374,1.08329,-0.09226,0.66866,-0.02726,0.18794,2363.0,0.18408,0.00723,0.00281,0.0,0.0,0.03497,0.7709,85.41229,87.76354,89.36192
107,Rohit Sharma,OFF_SPIN,1.0,364,0.00275,0.0,IPL_Men,86.49237,5.47957,69.1992,137.502,84.5388,88.6788,257.0,0.0634,-0.04492,4.55703,0.31909,1.20719,0.02466,0.67658,0.06958,0.22971,255.0,0.12912,0.01374,0.00549,0.0,0.0,0.25549,0.59615,86.33475,87.83507,88.28374
108,Suryakumar Yadav,SEAM,1.0,6,0.0,0.0,IPL_Men,91.734,6.80166,86.1012,104.8716,88.2099,92.0259,6.0,0.0741,0.20733,5.67467,0.09106,1.28029,0.02117,0.65933,-0.18617,0.10892,6.0,0.5,0.0,0.0,0.0,0.0,0.0,0.5,124.25422,123.17136,91.734
110,Tirumalasetti Suman,SEAM,0.0,12,0.0,0.0,IPL_Men,88.6359,3.29676,82.9404,94.6908,86.3703,91.3077,12.0,0.0372,-0.07875,5.13933,0.36947,1.26673,-0.01225,0.54583,0.0665,0.23174,12.0,0.33333,0.0,0.0,0.0,0.0,0.0,0.66667,124.25422,87.279,89.9928
111,Yuzvendra Chahal,LEG_SPIN,1.0,4721,0.01716,0.00297,IPL_Men,85.03475,5.6806,61.6824,137.4336,81.4032,88.722,3933.0,0.0668,-0.02858,4.82538,0.2793,1.17962,-0.07214,0.66286,-0.04357,0.21974,3928.0,0.22453,0.00911,0.00487,0.0,0.0,0.14616,0.61534,83.17662,86.33619,88.56842
112,RP Singh,SEAM,0.0,587,0.04259,0.00852,IPL_Men,133.91503,4.46755,113.0868,144.0684,132.1416,136.4616,543.0,0.0334,0.10888,7.22048,0.26892,2.6425,-0.09441,0.81219,-0.20329,0.25012,522.0,0.29983,0.03066,0.3356,0.0017,0.05281,0.08688,0.1925,134.24907,133.10859,133.96604
113,Yuvraj Singh,ORTHODOX,0.0,1018,0.00982,0.0,IPL_Men,86.65545,6.63615,68.6088,106.6356,81.8757,90.4365,882.0,0.0766,-0.24575,5.05949,0.21112,1.57914,-0.12203,0.66424,0.12372,0.17914,878.0,0.33301,0.0275,0.03635,0.0,0.00098,0.04715,0.55501,85.52719,88.87779,86.95849
114,Ali Murtaza,SEAM,0.0,74,0.02703,0.0,IPL_Men,91.51369,4.02204,82.872,100.3608,88.389,93.9384,64.0,0.044,-0.07862,5.05319,0.39407,1.69301,-0.01473,0.56637,0.06389,0.1725,63.0,0.41892,0.06757,0.0,0.0,0.0,0.09459,0.41892,92.3112,92.09448,89.20723
115,Ashish Nehra,MEDIUM_SEAM,0.0,1397,0.02219,0.00215,IPL_Men,132.79195,6.41046,83.0484,178.0164,130.1256,136.8216,1277.0,0.0483,0.10313,7.49532,0.27423,2.33772,-0.11206,0.80632,-0.21519,0.22654,1230.0,0.37151,0.02577,0.33858,0.00072,0.05512,0.09019,0.11811,131.59371,131.84895,134.02185
116,Bhuvneshwar Kumar,MEDIUM_SEAM,1.0,10329,0.01956,0.00126,IPL_Men,130.86751,5.94583,57.726,147.7836,127.9404,134.8524,8729.0,0.0454,-0.22255,7.40598,0.30781,1.96042,-0.0299,0.79322,0.19264,0.26046,8602.0,0.46142,0.01656,0.26295,0.00436,0.02933,0.14416,0.08123,129.14076,131.07754,132.25339
125,Murali Kartik,SEAM,0.0,515,0.03107,0.00194,IPL_Men,91.6132,7.78056,70.6788,141.4224,86.7825,95.6457,478.0,0.0849,-0.04652,5.09051,0.25017,1.49946,-0.03272,0.59355,0.0138,0.16972,466.0,0.32621,0.01942,0.02524,0.0,0.0,0.06602,0.56311,92.28721,91.34081,91.85736
126,Rahul Sharma,SEAM,0.0,507,0.00592,0.0,IPL_Men,92.21045,5.73787,75.348,134.4636,89.4762,94.4649,444.0,0.0622,-0.08726,5.41992,0.23176,1.81124,-0.11065,0.6748,-0.02339,0.15322,437.0,0.35897,0.03156,0.06509,0.0,0.00197,0.11243,0.42998,93.59688,91.90324,92.37204
127,Robin Uthappa,unknown,1.0,2,0.0,0.0,IPL_Men,93.14175,4.71673,82.7676,124.2612,90.5796,97.596,105.0,0.0434,-0.12505,5.4521,0.25363,1.58025,-0.04709,0.70603,0.09138,0.20212,105.0,0.0,0.0,0.0,0.0,0.0,1.0,0.0,90.39757,121.7758,129.56412
128,Sachin Rana,SEAM,0.0,12,0.0,0.0,IPL_Men,118.0683,6.28511,108.6264,131.076,114.6762,121.4262,12.0,0.0532,0.27808,8.126,0.42174,1.84474,0.13633,0.72392,-0.14175,0.33455,12.0,0.25,0.0,0.66667,0.0,0.0,0.0,0.08333,124.25422,118.0683,128.92869
130,Sourav Ganguly,MEDIUM_SEAM,1.0,61,0.0,0.01639,IPL_Men,108.09708,9.28095,80.8128,126.1044,107.4996,114.012,61.0,0.0859,-0.06995,6.74452,0.20014,1.77758,0.07175,0.59318,0.1417,0.12668,61.0,0.59016,0.01639,0.19672,0.0,0.01639,0.0,0.18033,107.3451,108.28124,130.39351
137,Amit Singh,SEAM,0.0,204,0.03431,0.0,IPL_Men,119.20935,9.87668,81.2808,136.5408,111.1104,127.17,195.0,0.0829,-0.3003,7.48231,0.23885,2.01447,-0.04622,0.77609,0.25408,0.19216,191.0,0.43137,0.01471,0.38235,0.0,0.01471,0.04412,0.11275,114.35674,121.76687,123.17294
138,Ankeet Chavan,SEAM,0.0,225,0.03111,0.0,IPL_Men,87.40499,5.64326,75.2688,127.6596,83.8827,89.8866,200.0,0.0646,-0.04102,5.15205,0.23724,1.26258,-0.00486,0.66182,0.03615,0.18153,199.0,0.30222,0.00889,0.01333,0.0,0.0,0.08444,0.59111,86.05998,87.31003,87.74562
139,Ashok Menaria,SEAM,0.0,20,0.0,0.0,IPL_Men,84.66821,4.85125,77.2668,93.9276,81.4158,88.1064,19.0,0.0573,-0.29332,5.23953,0.2147,1.40527,-0.13179,0.61453,0.16153,0.13546,19.0,0.25,0.0,0.05,0.0,0.0,0.05,0.65,83.24325,81.46224,89.2398
140,Deepak Chahar,MEDIUM_SEAM,1.0,1497,0.03941,0.00401,IPL_Men,129.18089,7.12619,98.3592,144.3528,126.5184,134.0064,1413.0,0.0552,-0.15854,7.91464,0.30131,2.5405,-0.03085,0.86108,0.12769,0.27979,1400.0,0.34202,0.02004,0.37007,0.02138,0.08283,0.04342,0.12024,123.12521,126.36848,131.02542
144,Pankaj Singh,SEAM,0.0,127,0.00787,0.0,IPL_Men,129.54931,8.69421,73.0188,142.6428,129.4632,133.4133,124.0,0.0671,-0.18184,8.25365,0.33433,1.57173,-0.11285,0.91173,0.06899,0.27009,123.0,0.33858,0.00787,0.5748,0.0,0.03937,0.01575,0.02362,123.74115,131.75868,130.37662
147,Siddharth Trivedi,SEAM,0.0,692,0.02601,0.00434,IPL_Men,119.89912,8.9742,57.4776,139.4316,114.624,125.6436,641.0,0.0748,-0.17275,7.82602,0.18912,1.57149,0.00096,0.81726,0.17372,0.18347,637.0,0.45376,0.0,0.40751,0.0,0.0289,0.05202,0.0578,117.64779,120.44056,124.9686
148,Stuart Binny,SEAM,1.0,1039,0.02502,0.00289,IPL_Men,123.4742,8.38897,80.4744,147.0276,119.5344,128.7252,769.0,0.0679,-0.26881,7.06623,0.27119,2.21866,-0.14684,0.77897,0.12197,0.22373,766.0,0.36862,0.01347,0.20115,0.00481,0.03369,0.22714,0.15111,119.86738,123.27932,126.83351
149,Sumit Narwal,SEAM,0.0,14,0.14286,0.0,IPL_Men,126.98806,8.0247,109.242,136.0296,125.2944,132.5916,13.0,0.0632,-0.34854,7.49515,0.29805,1.78574,-0.17538,0.73369,0.17315,0.17405,13.0,0.28571,0.0,0.5,0.0,0.0,0.07143,0.14286,124.25422,123.17136,126.98806
150,Shanthakumaran Sreesanth,SEAM,0.0,218,0.01376,0.03211,IPL_Men,134.76244,6.23059,91.2708,155.7936,132.2028,138.1464,173.0,0.0462,-0.15991,7.12293,0.22012,1.96171,-0.0604,0.74857,0.0995,0.19633,169.0,0.41284,0.01835,0.30734,0.00459,0.04128,0.07339,0.1422,133.49511,135.74774,134.67638
151,Abhimanyu Mithun,SEAM,1.0,44,0.04545,0.0,IPL_Men,131.40334,8.91157,104.7384,140.8356,130.8564,136.9116,41.0,0.0678,-0.17629,8.1662,0.43475,2.91439,0.04778,0.88127,0.22407,0.25186,41.0,0.31818,0.02273,0.31818,0.0,0.20455,0.0,0.13636,128.32265,128.8314,133.4583
154,Asad Pathan,SEAM,0.0,6,0.0,0.0,IPL_Men,82.3962,2.89014,79.6428,87.3072,80.4483,83.6253,6.0,0.0351,-0.123,4.9405,0.09136,1.39051,-0.26617,0.7975,-0.14317,0.11085,6.0,0.33333,0.0,0.0,0.0,0.0,0.0,0.66667,82.3962,123.17136,128.92869
156,Cheteshwar Pujara,LEG_SPIN,1.0,6,0.0,0.0,IPL_Men,78.7626,4.73871,72.5112,87.1092,77.5431,79.1829,6.0,0.0602,-0.08933,6.23917,0.18789,2.33617,-0.06833,0.59767,0.021,0.15779,6.0,0.5,0.0,0.16667,0.0,0.0,0.0,0.33333,78.7626,86.51212,88.8083
157,Harshal Patel,MEDIUM_SEAM,1.0,1327,0.03994,0.00754,IPL_Men,127.67255,9.0401,88.704,144.2592,119.1897,135.0216,1246.0,0.0708,-0.21082,7.38723,0.46021,3.06531,-0.01166,0.79594,0.19916,0.34488,1191.0,0.29616,0.05275,0.29314,0.0113,0.10249,0.06933,0.17483,127.07916,127.43109,129.8563
160,Raju Bhatkal,SEAM,0.0,12,0.0,0.0,IPL_Men,108.7242,11.16968,81.1188,122.4936,104.8761,115.7418,12.0,0.1027,-0.24717,7.12808,0.1866,2.03381,0.04358,0.6405,0.29075,0.1504,12.0,0.41667,0.0,0.41667,0.0,0.0,0.0,0.16667,124.25422,108.7242,128.92869
162,Sreenath Aravind,MEDIUM_SEAM,0.0,500,0.03,0.002,IPL_Men,127.60789,6.20401,103.5936,144.09,124.1604,131.94,462.0,0.0486,0.12992,7.57214,0.35623,2.30549,-0.02469,0.83781,-0.15461,0.32006,451.0,0.326,0.036,0.428,0.0,0.032,0.076,0.102,125.05448,127.13141,128.99793
164,Virat Kohli,MEDIUM_SEAM,1.0,450,0.00222,0.00667,IPL_Men,104.6859,6.26495,81.2016,125.7156,100.3752,108.6048,308.0,0.0598,-0.24202,5.40753,0.36844,2.38952,-0.06362,0.58701,0.1784,0.25219,289.0,0.23111,0.06,0.08667,0.0,0.00889,0.32444,0.28889,104.06252,107.68517,130.39351
165,Zaheer Khan,FAST_SEAM,0.0,2850,0.01789,0.00105,IPL_Men,131.38545,6.33282,73.2348,174.5388,128.835,135.3456,2118.0,0.0482,-0.00528,7.02839,0.34745,2.28225,-0.08911,0.75156,-0.08383,0.28073,2077.0,0.37193,0.02702,0.21789,0.00175,0.02737,0.23088,0.12316,130.21778,131.75267,132.52998
166,Vinay Kumar,SEAM,1.0,1643,0.02009,0.00487,IPL_Men,129.19629,7.96684,84.8772,142.7544,128.0808,133.407,1420.0,0.0617,-0.17451,7.56977,0.31434,2.71629,-0.14814,0.83263,0.02637,0.23445,1363.0,0.2818,0.04504,0.3524,0.00548,0.07121,0.12903,0.11503,127.09344,130.03255,131.14087
167,Aaron Finch,ORTHODOX,0.0,307,0.00977,0.0,IPL_Men,83.32774,7.89585,71.4888,106.9344,78.0678,85.1886,175.0,0.0948,-0.18557,4.95638,0.21917,1.56237,-0.08716,0.57745,0.09841,0.16794,174.0,0.22476,0.01303,0.00977,0.0,0.0,0.41042,0.34202,83.15217,84.9568,82.566
168,Colin Ingram,unknown,0.0,6,0.0,0.0,IPL_Men,93.14175,4.71673,82.7676,124.2612,90.5796,97.596,105.0,0.0434,-0.12505,5.4521,0.25363,1.58025,-0.04709,0.70603,0.09138,0.20212,105.0,0.0,0.0,0.0,0.0,0.0,1.0,0.0,90.39757,121.7758,129.56412
169,Morne Morkel,FAST_SEAM,1.0,10444,0.01388,0.00565,IPL_Men,139.53265,4.97286,84.3516,152.7912,136.701,142.929,7267.0,0.0356,-0.19142,7.56281,0.37896,2.12015,-0.06055,0.96106,0.13086,0.27453,7219.0,0.33474,0.00785,0.2365,0.00048,0.04433,0.28294,0.09316,138.87591,140.32304,140.68303
170,David Warner,LEG_SPIN,1.0,94,0.01064,0.01064,IPL_Men,98.53336,20.01683,76.14,133.3944,81.4428,119.1303,82.0,0.2031,-0.04436,5.3313,0.32827,2.23065,-0.12781,0.85296,-0.08344,0.30668,77.0,0.35106,0.03191,0.08511,0.0,0.01064,0.1383,0.38298,96.73852,115.13565,88.8083
172,Kevin Pietersen,OFF_SPIN,1.0,118,0.0339,0.0,IPL_Men,85.90417,7.31303,69.804,129.8952,82.8216,88.6752,111.0,0.0851,-0.21886,4.77534,0.39422,1.43977,-0.12946,0.73085,0.0894,0.26833,110.0,0.30508,0.02542,0.00847,0.0,0.0,0.02542,0.63559,82.93285,91.52095,92.21472
173,Roelof van der Merwe,ORTHODOX,0.0,128,0.01562,0.0,IPL_Men,94.20201,7.4966,80.9604,128.6352,89.8524,95.472,115.0,0.0796,-0.06596,4.55223,0.1816,1.58671,-0.00062,0.59154,0.06534,0.12571,112.0,0.23438,0.04688,0.01562,0.0,0.0,0.07812,0.625,97.07572,94.6485,87.95025
175,Mahela Jayawardene,MEDIUM_SEAM,1.0,30,0.0,0.0,IPL_Men,85.96344,6.14985,74.466,105.6024,81.7344,88.4691,30.0,0.0715,0.2,3.71043,0.23057,1.89272,0.19863,0.62533,-0.00137,0.14056,30.0,0.2,0.23333,0.0,0.0,0.0,0.0,0.56667,85.96344,127.43109,130.39351
176,Doug Bracewell,SEAM,0.0,497,0.02213,0.0,IPL_Men,135.41436,4.23856,113.6052,143.9604,134.1279,137.8197,192.0,0.0313,-0.35861,6.9672,0.23144,2.20736,-0.16327,0.78215,0.19534,0.18005,191.0,0.20523,0.00402,0.08249,0.00201,0.02012,0.60966,0.07646,134.41729,135.65959,137.71292
177,Andre Russell,FAST_SEAM,1.0,2278,0.03863,0.00615,IPL_Men,134.67631,8.16937,84.4632,148.5144,132.5097,139.7673,2012.0,0.0607,-0.25252,8.06936,0.27309,2.96927,-0.04944,0.97235,0.20308,0.27942,1954.0,0.20939,0.04126,0.3468,0.00176,0.15979,0.10623,0.13477,133.54542,134.91819,137.30524
178,Cameron White,SEAM,0.0,32,0.0625,0.0,IPL_Men,84.5892,4.5293,77.6952,97.47,81.954,86.4684,31.0,0.0535,-0.2331,4.88381,0.19689,1.42262,-0.30387,0.62119,-0.07077,0.25359,31.0,0.40625,0.0,0.0,0.0,0.0,0.0,0.59375,124.25422,84.5892,128.92869
180,Dale Steyn,FAST_SEAM,1.0,9105,0.01219,0.00044,IPL_Men,138.58341,5.46201,67.0068,154.4004,135.72,142.002,6305.0,0.0394,-0.12267,7.5665,0.3027,2.06498,-0.05071,0.8852,0.07196,0.23791,6268.0,0.37683,0.0056,0.19176,0.0,0.05898,0.28655,0.08029,138.32188,138.97944,138.85244
181,Dan Christian,MEDIUM_SEAM,1.0,676,0.03402,0.00296,IPL_Men,125.68029,9.87648,95.5584,143.0424,117.4554,133.4151,654.0,0.0786,-0.09876,7.43854,0.4334,2.38196,0.05066,0.82041,0.14942,0.33624,644.0,0.3787,0.01183,0.3358,0.00444,0.05769,0.0355,0.17604,123.60386,125.95695,132.02877
182,JP Duminy,SEAM,0.0,2564,0.0234,0.00039,IPL_Men,86.49522,5.26325,70.6176,144.3528,83.1996,89.1504,1869.0,0.0609,-0.0481,4.81117,0.31017,1.36162,-0.05437,0.6292,-0.00627,0.2175,1865.0,0.23089,0.01989,0.00858,0.0,0.0,0.2344,0.50624,85.99567,87.59214,87.3353
183,Juan Theron,MEDIUM_SEAM,1.0,77,0.05195,0.01299,IPL_Men,131.7456,13.587,43.2,143.3124,131.3928,138.7188,77.0,0.1031,-0.24159,5.93611,0.29517,2.48927,-0.02607,0.61215,0.21553,0.17099,74.0,0.37662,0.06494,0.19481,0.01299,0.0,0.03896,0.31169,131.58279,130.12575,135.23705
184,Darren Bravo,MEDIUM_SEAM,1.0,6,0.0,0.0,IPL_Men,123.52824,1.67894,121.2768,125.406,122.904,124.974,5.0,0.0136,-0.5986,9.9574,0.2734,1.29936,-0.2806,1.1322,0.318,0.35217,5.0,0.0,0.0,0.83333,0.0,0.16667,0.0,0.0,124.38227,123.52824,130.39351
185,Daniel Harris,SEAM,0.0,18,0.0,0.0,IPL_Men,118.598,6.00057,104.1012,128.1852,115.9191,122.0976,18.0,0.0506,-0.2435,5.57594,0.16612,2.26369,-0.1285,0.60517,0.115,0.12238,18.0,0.22222,0.05556,0.22222,0.0,0.0,0.0,0.5,116.8314,119.4813,128.92869
186,David Hussey,SEAM,0.0,205,0.01951,0.0,IPL_Men,94.84669,9.01576,69.1704,118.7892,88.6716,98.9523,178.0,0.0951,0.02506,4.4728,0.33137,1.845,0.00964,0.62152,-0.01542,0.2502,174.0,0.22439,0.07317,0.01951,0.0,0.0,0.10732,0.57561,93.58504,96.65931,98.07055
188,Dimitri Mascarenhas,SEAM,0.0,121,0.00826,0.0,IPL_Men,121.25762,6.32552,109.3572,145.1664,117.1215,125.0631,110.0,0.0522,-0.33336,7.20271,0.13359,1.44825,-0.04999,0.72401,0.28337,0.13356,110.0,0.57851,0.00826,0.23967,0.0,0.00826,0.09091,0.07438,119.23497,121.18715,123.21222
190,Ryan Harris,SEAM,0.0,183,0.01639,0.0,IPL_Men,138.62478,3.65192,122.9148,146.4192,136.6992,140.7834,146.0,0.0263,-0.15476,7.52703,0.23998,2.03844,0.03371,0.86013,0.18847,0.21794,146.0,0.39344,0.01093,0.28415,0.0,0.05464,0.12568,0.13115,138.7782,138.45136,138.67284
192,Stuart Broad,FAST_SEAM,1.0,13860,0.00325,0.00224,IPL_Men,134.40537,4.51982,73.89,153.1332,131.778,137.3184,11365.0,0.0336,-0.24608,7.09841,0.36036,1.89956,-0.08079,0.84945,0.16529,0.26268,11352.0,0.48124,0.00519,0.18463,0.00022,0.04156,0.1461,0.14105,133.739,135.64771,135.34132
193,James Faulkner,SEAM,0.0,3513,0.02106,0.00313,IPL_Men,128.74477,8.0647,33.732,148.9068,125.4798,134.2908,2827.0,0.0626,0.05017,6.7148,0.32903,2.2247,-0.10752,0.79852,-0.15769,0.27904,2790.0,0.37176,0.0242,0.20808,0.00085,0.02078,0.17791,0.19641,128.35761,128.77151,130.97339
194,Azhar Mahmood,SEAM,0.0,552,0.01812,0.00906,IPL_Men,125.00484,8.25808,82.9332,137.0808,123.3684,129.834,489.0,0.0661,-0.26824,7.19381,0.2634,2.7896,-0.04408,0.80416,0.22416,0.23051,471.0,0.31884,0.05072,0.26812,0.00362,0.08514,0.10326,0.17029,124.65762,124.40805,127.14292
196,Brett Lee,FAST_SEAM,1.0,587,0.02385,0.00511,IPL_Men,139.52902,6.79365,97.7256,156.8664,137.322,143.4879,534.0,0.0487,-0.19112,7.65975,0.25537,3.05745,-0.07688,0.82972,0.11424,0.20598,518.0,0.30835,0.03748,0.27939,0.01193,0.12947,0.06985,0.16354,138.54755,139.643,140.22654
198,Jacques Kallis,FAST_SEAM,1.0,1764,0.01587,0.0034,IPL_Men,131.01629,5.69376,72.2988,145.5192,128.52,134.6004,1553.0,0.0435,-0.30517,7.78661,0.25474,2.36709,-0.08937,0.87995,0.2158,0.23587,1526.0,0.39796,0.01814,0.27211,0.0051,0.10317,0.10204,0.10147,131.12809,130.42939,132.69536
199,James Pattinson,FAST_SEAM,1.0,2445,0.01677,0.01391,IPL_Men,137.79271,5.81184,27.63,153.5652,136.0584,140.6034,2007.0,0.0422,-0.27363,7.35827,0.3186,2.30979,-0.06102,0.86514,0.21261,0.25018,1995.0,0.36728,0.01268,0.27607,0.00532,0.05031,0.11043,0.17791,137.57265,137.90175,138.50581
200,Ryan ten Doeschate,SEAM,0.0,332,0.03916,0.00602,IPL_Men,120.05322,7.57778,94.842,137.2716,117.2394,124.866,300.0,0.0631,-0.18544,6.53942,0.27179,2.67049,0.09768,0.61315,0.28313,0.22898,286.0,0.39759,0.04518,0.2259,0.0,0.03614,0.05422,0.24096,121.05345,118.15188,126.0306
201,Shakib Al Hasan,ORTHODOX,0.0,9114,0.00691,0.0,IPL_Men,81.70573,5.44802,65.3904,137.4444,77.913,84.9915,6060.0,0.0667,-0.0899,4.64847,0.2785,1.10816,-0.03901,0.64638,0.05089,0.2236,6052.0,0.1422,0.00987,0.00143,0.0,0.0,0.31589,0.53061,80.87893,83.29084,83.02956
202,Brendon McCullum,MEDIUM_SEAM,1.0,19,0.0,0.0,IPL_Men,106.2285,3.58111,98.9388,110.8872,104.8581,108.3726,12.0,0.0337,-0.43242,7.74942,0.10034,1.6373,-0.15675,0.59683,0.27567,0.19447,12.0,0.31579,0.0,0.26316,0.0,0.0,0.31579,0.10526,106.2285,127.43109,130.39351
203,Sunil Narine,OFF_SPIN,1.0,5437,0.01343,0.00092,IPL_Men,91.92653,5.90924,72.4176,144.4068,88.1298,95.4666,4555.0,0.0643,-0.16217,5.56309,0.25627,1.24196,-0.00397,0.71035,0.1582,0.2541,4544.0,0.46055,0.00552,0.01324,0.0,0.00018,0.12912,0.39139,91.95474,91.8268,92.12027
204,Marchant de Lange,SEAM,0.0,253,0.05534,0.00791,IPL_Men,139.6485,5.27245,115.3872,148.77,136.8612,143.1252,193.0,0.0378,-0.23444,7.79663,0.19844,2.95454,-0.0703,0.9433,0.16414,0.18414,186.0,0.16601,0.04743,0.35968,0.0,0.07905,0.24111,0.10672,138.44709,140.15235,140.77864
207,Clint McKay,SEAM,0.0,1080,0.0287,0.0,IPL_Men,129.62001,5.86845,103.77,139.59,128.3436,132.9192,1029.0,0.0453,-0.20215,6.71729,0.2688,1.46276,0.0053,0.84126,0.20745,0.21619,1027.0,0.60093,0.00278,0.175,0.0,0.0037,0.02685,0.19074,126.27312,130.11697,131.47036
209,James Franklin,SEAM,0.0,349,0.01146,0.00287,IPL_Men,122.65665,6.45728,92.16,135.414,119.7684,126.4176,301.0,0.0526,-0.01807,6.9174,0.3774,2.10219,-0.10161,0.77123,-0.08353,0.24768,300.0,0.46132,0.01433,0.24928,0.0,0.02292,0.05444,0.19771,123.65302,121.1587,116.4876
210,Kieron Pollard,MEDIUM_SEAM,1.0,1511,0.05427,0.00331,IPL_Men,114.96815,9.35548,74.5344,137.8224,109.0782,122.3604,1395.0,0.0814,-0.25954,7.07295,0.3747,2.29162,0.02417,0.83847,0.28371,0.25577,1379.0,0.409,0.02052,0.26803,0.00397,0.04368,0.05824,0.19656,114.22411,115.86742,118.7736
211,Lasith Malinga,FAST_SEAM,1.0,5660,0.03657,0.00618,IPL_Men,132.19001,8.51143,81.99,155.376,129.6252,137.8737,4624.0,0.0644,-0.08587,6.4887,0.25042,3.31133,-0.08001,0.70986,0.00586,0.18763,4415.0,0.20512,0.08339,0.20495,0.00336,0.08039,0.19488,0.22792,131.79309,131.81133,132.96501
213,Mitchell Johnson,FAST_SEAM,0.0,7489,0.0195,0.00401,IPL_Men,140.79491,6.03957,21.366,157.5828,138.6288,144.4788,7035.0,0.0429,-0.02052,7.48857,0.33394,2.57916,-0.13449,0.92165,-0.11398,0.30411,6994.0,0.36948,0.01963,0.27827,0.00214,0.10108,0.04513,0.18427,140.19246,141.06348,142.29127
214,Robin Peterson,SEAM,0.0,935,0.00535,0.0,IPL_Men,84.20882,5.12325,67.914,143.1072,81.72,86.04,761.0,0.0608,-0.08146,4.83323,0.23033,1.16905,-0.03844,0.67605,0.04302,0.19728,755.0,0.22139,0.01176,0.00642,0.0,0.0,0.15829,0.60214,83.83462,85.65435,84.2133
215,Thisara Perera,MEDIUM_SEAM,1.0,4016,0.01743,0.001,IPL_Men,128.97205,7.41076,82.0692,157.8204,126.7416,133.2324,2973.0,0.0575,-0.26995,7.74277,0.23732,2.10519,-0.1384,0.84339,0.13155,0.19056,2943.0,0.31599,0.01121,0.30951,0.00075,0.04382,0.24278,0.07595,128.17908,130.01558,130.39351
216,Alfonso Thomas,SEAM,0.0,87,0.02299,0.01149,IPL_Men,130.57852,10.93312,96.4368,142.2324,130.0572,137.2284,85.0,0.0837,-0.28149,7.15351,0.32231,3.55182,-0.02681,0.70288,0.25468,0.21085,80.0,0.2069,0.09195,0.26437,0.0,0.14943,0.08046,0.2069,127.57721,123.17136,132.67944
217,Angelo Mathews,MEDIUM_SEAM,1.0,5396,0.00927,0.00056,IPL_Men,123.3156,6.43181,43.5204,143.4456,120.8322,127.0584,4099.0,0.0522,-0.26734,7.22979,0.27672,1.80652,-0.05463,0.80629,0.21271,0.20864,4090.0,0.49815,0.00852,0.16438,0.00148,0.0354,0.21145,0.08062,123.19584,123.45202,123.47191
219,Graeme Smith,OFF_SPIN,1.0,36,0.0,0.0,IPL_Men,84.50441,3.86914,80.316,94.4532,82.404,85.1364,29.0,0.0458,0.24308,4.26265,0.1743,1.60042,0.04142,0.52323,-0.20165,0.10134,26.0,0.13889,0.08333,0.0,0.0,0.0,0.25,0.52778,84.50441,86.56654,88.28374
220,Jesse Ryder,SEAM,0.0,127,0.03937,0.00787,IPL_Men,117.79409,7.02079,100.4796,129.8736,113.112,124.1676,93.0,0.0596,-0.17201,5.8214,0.26076,1.74422,0.03231,0.63296,0.20432,0.16988,93.0,0.3622,0.01575,0.07087,0.0,0.0,0.23622,0.31496,117.59827,117.89482,117.2142
221,Mitchell Marsh,MEDIUM_SEAM,1.0,3543,0.01016,0.00452,IPL_Men,130.4454,5.64888,88.2936,146.1708,127.8756,134.0532,2139.0,0.0433,-0.14833,6.97975,0.32344,2.11858,-0.02341,0.84805,0.12492,0.23996,2124.0,0.29269,0.00931,0.15721,0.00085,0.02173,0.38837,0.12983,130.40114,130.50419,132.19387
222,Nathan McCullum,unknown,0.0,1889,0.00794,0.0,IPL_Men,88.66177,5.26392,72.3852,107.2224,85.446,92.1816,741.0,0.0594,-0.13469,4.79872,0.29387,1.3568,-0.04709,0.64785,0.0876,0.23682,737.0,0.1154,0.00424,0.00265,0.00053,0.0,0.53944,0.33774,88.28184,89.68783,91.96836
223,Wayne Parnell,SEAM,0.0,1811,0.03092,0.00497,IPL_Men,137.03273,5.23936,88.8336,155.9772,134.2584,140.5692,1361.0,0.0382,0.01999,7.57557,0.32403,2.48743,-0.11923,0.85088,-0.13922,0.27438,1336.0,0.27167,0.01822,0.28658,0.00276,0.06074,0.24186,0.11817,136.82978,136.90691,137.66457
224,Johan Botha,SEAM,0.0,661,0.02269,0.0,IPL_Men,87.84385,6.79087,65.9736,131.256,82.7424,92.9196,617.0,0.0773,-0.05125,4.67803,0.31894,1.28417,0.05736,0.67019,0.10862,0.25596,612.0,0.22995,0.03026,0.00454,0.0,0.00151,0.04085,0.69289,87.8874,86.99886,89.43553
225,Paul Collingwood,MEDIUM_SEAM,1.0,117,0.0,0.0,IPL_Men,98.6084,8.69894,78.8364,127.7172,93.7674,101.4642,103.0,0.0882,-0.07275,5.30175,0.33446,1.74744,-0.08437,0.63024,-0.01162,0.2047,103.0,0.46154,0.04274,0.07692,0.0,0.0,0.00855,0.41026,98.72665,95.6817,130.39351
226,Ross Taylor,OFF_SPIN,1.0,6,0.0,0.0,IPL_Men,85.76454,4.76166,70.4754,101.4408,83.2446,88.5663,253.5,0.0577,-0.08388,4.67617,0.31081,1.21174,0.02247,0.65099,0.08884,0.23035,252.0,0.0,0.0,0.0,0.0,0.0,1.0,0.0,85.67964,86.56654,88.28374
227,Shane Watson,MEDIUM_SEAM,1.0,3916,0.02171,0.00255,IPL_Men,130.52316,5.6624,88.0272,157.4208,127.4166,134.433,3759.0,0.0434,-0.20173,6.88264,0.29753,2.26117,-0.03899,0.80069,0.16274,0.21767,3704.0,0.48876,0.02349,0.19765,0.00281,0.05388,0.03396,0.19944,130.20184,130.61381,132.38076
228,Shaun Tait,SEAM,0.0,523,0.09751,0.01338,IPL_Men,143.94301,4.83644,117.4896,154.5696,141.6276,147.3156,485.0,0.0336,-0.21981,7.4802,0.31882,3.07908,-0.07667,0.80035,0.14313,0.22062,465.0,0.28298,0.0478,0.25048,0.00382,0.14914,0.06119,0.20459,142.76743,144.08399,145.04899
229,Brad Hodge,SEAM,0.0,18,0.0,0.0,IPL_Men,86.22765,4.57646,80.7804,101.9988,84.3759,86.598,16.0,0.0531,0.02506,4.64869,0.20905,1.6038,-0.01856,0.57344,-0.04362,0.24734,16.0,0.33333,0.05556,0.0,0.0,0.0,0.11111,0.5,124.25422,87.33348,84.3846
231,Brad Hogg,SEAM,0.0,466,0.01502,0.00215,IPL_Men,87.06126,6.82868,68.5368,135.8424,84.3408,89.7984,441.0,0.0784,0.00932,4.69718,0.22546,1.66808,-0.11472,0.68348,-0.12405,0.2939,434.0,0.28326,0.05794,0.02146,0.0,0.0,0.05579,0.58155,86.9421,87.03347,88.3234
232,Kevon Cooper,SEAM,0.0,600,0.03833,0.00167,IPL_Men,124.62398,11.28104,56.4732,140.2848,114.192,133.1676,547.0,0.0905,-0.30172,6.12172,0.30516,2.75526,-0.06344,0.71725,0.23828,0.18643,526.0,0.285,0.06667,0.215,0.0,0.02833,0.06833,0.33667,123.91314,125.91863,118.80615
233,AB de Villiers,MEDIUM_SEAM,1.0,136,0.03676,0.0,IPL_Men,118.84335,5.10641,104.1876,127.5768,117.144,121.9968,99.0,0.043,-0.17061,7.52075,0.21918,2.30652,-0.05226,0.82596,0.11834,0.20876,99.0,0.27206,0.0,0.28676,0.0,0.05882,0.24265,0.13971,118.86259,118.2276,130.39351
234,Andrew McDonald,SEAM,0.0,73,0.0137,0.0,IPL_Men,118.51762,7.70834,98.3412,131.9868,112.824,124.5168,73.0,0.065,-0.21792,6.47315,0.30403,1.89677,-0.10706,0.73849,0.11086,0.20164,72.0,0.58904,0.0274,0.15068,0.0,0.0274,0.0137,0.19178,116.571,118.1546,124.155
236,Chris Gayle,OFF_SPIN,1.0,638,0.03605,0.00157,IPL_Men,90.73134,9.87124,68.4612,115.884,83.8224,96.4044,569.0,0.1088,0.03539,4.25627,0.31182,1.57558,0.0886,0.65287,0.05321,0.22799,560.0,0.18339,0.07367,0.01097,0.0,0.0,0.04545,0.68652,89.32115,98.72008,99.03731
237,Dirk Nannes,SEAM,0.0,126,0.03968,0.01587,IPL_Men,139.074,4.04418,133.326,149.5728,135.8964,141.7356,117.0,0.0291,0.15177,7.80418,0.31665,3.05163,-0.28313,0.88073,-0.43489,0.22617,111.0,0.25397,0.04762,0.31746,0.0,0.15873,0.07937,0.14286,139.13732,143.68629,138.58448
239,Rilee Rossouw,unknown,0.0,30,0.0,0.0,IPL_Men,84.5646,2.55927,80.8704,88.47,82.3968,86.9436,12.0,0.0303,-0.25667,6.10467,0.2076,1.38632,0.18258,0.78142,0.43925,0.17259,12.0,0.23333,0.0,0.03333,0.0,0.0,0.6,0.13333,84.5646,121.7758,129.56412
240,Tillakaratne Dilshan,OFF_SPIN,1.0,2095,0.01193,0.0,IPL_Men,85.65686,4.68479,69.5808,147.6576,82.6452,88.2765,1604.0,0.0547,0.02511,4.75274,0.29214,1.2409,0.07671,0.67017,0.0516,0.24588,1603.0,0.19332,0.01002,0.00668,0.00048,0.0,0.21718,0.57232,84.91887,87.09059,88.70448
241,Muttiah Muralitharan,OFF_SPIN,1.0,850,0.01647,0.00353,IPL_Men,85.2571,5.43401,67.3236,99.7416,81.5778,89.0685,752.0,0.0637,-0.14006,4.73929,0.28782,1.11732,-0.02511,0.69434,0.11494,0.2401,749.0,0.19882,0.00353,0.00471,0.00235,0.0,0.03765,0.75294,83.8933,86.62823,87.81621
243,Daniel Vettori,ORTHODOX,0.0,1672,0.00538,0.0006,IPL_Men,90.07802,7.08535,71.0748,146.3364,85.2606,95.0274,1227.0,0.0787,-0.11784,4.83875,0.21054,1.18424,-0.02642,0.67559,0.09142,0.13839,1226.0,0.2189,0.01914,0.0006,0.0,0.0,0.23923,0.52213,89.43278,91.53142,91.26401
246,TP Sudhindra,SEAM,0.0,74,0.04054,0.01351,IPL_Men,126.28255,9.41381,93.4704,138.6144,125.2134,131.8599,74.0,0.0745,-0.14525,6.99559,0.23845,3.4576,-0.08358,0.74907,0.06167,0.21891,73.0,0.21622,0.12162,0.36486,0.0,0.12162,0.01351,0.16216,121.09539,128.50865,130.65066
250,Veer Pratap Singh,SEAM,0.0,211,0.03318,0.0,IPL_Men,135.4669,4.76368,113.2092,150.8508,132.8085,138.8286,210.0,0.0352,-0.3567,8.08959,0.21419,2.44103,-0.15676,0.84171,0.19994,0.22176,208.0,0.27014,0.01896,0.44076,0.00474,0.11374,0.00948,0.14218,136.74399,134.51065,135.36038
251,Sunny Gupta,SEAM,0.0,19,0.05263,0.0,IPL_Men,90.44128,4.14061,84.078,97.0092,86.7834,94.2894,19.0,0.0458,5e-05,4.11226,0.27091,1.14946,-0.01968,0.51995,-0.01974,0.19911,19.0,0.05263,0.05263,0.0,0.0,0.0,0.0,0.89474,94.67949,86.5884,89.3496
253,Gurkeerat Mann Singh,OFF_SPIN,1.0,142,0.02817,0.0,IPL_Men,82.40461,5.93148,66.6972,102.654,78.228,86.2884,129.0,0.072,0.00343,4.35226,0.32312,1.48626,0.09678,0.67588,0.09335,0.21366,127.0,0.16197,0.0493,0.01408,0.0,0.0,0.07042,0.70423,79.19678,83.79141,83.433
254,Parvinder Awana,SEAM,0.0,774,0.02972,0.00517,IPL_Men,135.38009,5.49369,104.796,151.0596,133.8084,138.2076,701.0,0.0406,-0.2187,7.82199,0.25172,2.70849,-0.01834,0.84705,0.20036,0.19398,682.0,0.26486,0.03747,0.41214,0.00775,0.0801,0.0814,0.11628,134.07389,135.86167,136.08554
261,Kuldeep Yadav,UNORTHODOX,0.0,4490,0.00846,0.00022,IPL_Men,79.33066,4.90473,66.8988,146.4408,76.293,81.45,3559.0,0.0618,-0.03413,4.38441,0.25309,1.18253,0.02689,0.6653,0.06102,0.24901,3553.0,0.1294,0.01759,0.00334,0.0,0.0,0.17884,0.67082,78.60561,80.81467,83.11888
262,Rahul Shukla,SEAM,0.0,130,0.05385,0.02308,IPL_Men,132.90374,8.23837,88.3296,146.142,128.7027,138.4245,122.0,0.062,-0.05648,7.09994,0.43749,2.76896,0.08416,0.7389,0.14064,0.22102,111.0,0.31538,0.03077,0.27692,0.0,0.06154,0.11538,0.2,129.58338,132.9455,135.62694
269,Krishnakant Upadhyay,SEAM,0.0,56,0.03571,0.0,IPL_Men,129.51197,8.65614,100.7172,140.1084,124.5708,136.3068,53.0,0.0668,-0.07106,7.52998,0.29269,2.26205,0.1213,0.78038,0.19236,0.16109,53.0,0.42857,0.01786,0.35714,0.0,0.01786,0.01786,0.16071,125.73831,129.0,131.48344
270,Raiphi Gomez,SEAM,0.0,6,0.0,0.0,IPL_Men,116.0712,9.45563,104.3892,125.64,107.7264,122.9256,5.0,0.0815,-0.1122,2.8914,0.40867,2.68453,-0.0852,0.3192,0.027,0.06294,5.0,0.16667,0.33333,0.0,0.16667,0.0,0.0,0.33333,116.0712,123.17136,128.92869
271,Steve Smith,LEG_SPIN,1.0,913,0.00219,0.00219,IPL_Men,80.58083,4.05139,64.8972,106.6608,77.9985,82.4283,728.0,0.0503,-0.02135,4.25377,0.24867,1.66933,-0.12904,0.72645,-0.10769,0.23036,706.0,0.17525,0.07229,0.01314,0.0,0.0,0.17525,0.56407,80.54343,83.26584,88.8083
272,Marlon Samuels,OFF_SPIN,1.0,2091,0.00717,0.0,IPL_Men,89.33317,7.74807,63.2088,127.6128,85.2084,91.7082,1882.0,0.0867,-0.10381,5.01509,0.37803,1.25201,0.10537,0.74485,0.20918,0.22908,1876.0,0.31994,0.01339,0.00717,0.0,0.0,0.04304,0.61645,88.8267,92.71566,96.36442
273,Ajit Chandila,SEAM,0.0,234,0.0,0.0,IPL_Men,84.86438,3.86634,74.8404,98.0712,82.2456,86.9319,210.0,0.0456,-0.08445,4.87192,0.28438,1.10981,0.03666,0.68987,0.12111,0.23765,209.0,0.25641,0.01709,0.0,0.0,0.0,0.04274,0.68376,88.55752,84.97143,84.33256
276,Karun Nair,OFF_SPIN,1.0,12,0.0,0.0,IPL_Men,87.1656,5.21181,77.6484,95.1876,83.9466,89.6013,12.0,0.0598,0.45283,5.14492,0.39624,1.15651,0.48808,0.61775,0.03525,0.15758,12.0,0.33333,0.0,0.0,0.0,0.0,0.0,0.66667,87.1656,86.56654,88.28374
277,Ronit More,SEAM,0.0,37,0.05405,0.0,IPL_Men,132.73008,3.53184,121.986,136.5948,131.3901,135.4878,30.0,0.0266,-0.21397,6.96193,0.1911,2.49858,0.04048,0.74128,0.25445,0.10782,29.0,0.24324,0.05405,0.35135,0.0,0.02703,0.16216,0.16216,133.48108,131.28709,133.7484
279,KP Appanna,SEAM,0.0,107,0.04673,0.0,IPL_Men,87.30444,4.60676,74.5272,96.102,83.8206,90.1944,103.0,0.0528,-0.0862,4.50053,0.2735,1.17768,-0.09662,0.60817,-0.01042,0.17359,103.0,0.21495,0.00935,0.0,0.0,0.0,0.03738,0.73832,124.25422,87.59403,83.8656
281,Syed Mohammad,SEAM,0.0,105,0.02857,0.0,IPL_Men,90.22285,4.56778,80.316,107.5212,87.3126,92.3976,104.0,0.0506,-0.23512,5.96214,0.191,1.2647,0.08474,0.64949,0.31986,0.19862,104.0,0.65714,0.0,0.0381,0.0,0.0,0.0,0.30476,88.34498,90.44497,128.92869
282,Glenn Maxwell,OFF_SPIN,1.0,3249,0.01662,0.0,IPL_Men,89.31276,5.28633,68.0688,150.8364,86.364,91.8828,2729.0,0.0592,-0.00063,4.67668,0.28939,1.26787,-0.01777,0.71648,-0.01714,0.21521,2725.0,0.20345,0.01662,0.00585,0.0,0.0,0.14097,0.63312,88.31981,91.1539,92.60976
284,Abhishek Jhunjhunwala,SEAM,0.0,36,0.0,0.0,IPL_Men,90.12399,7.16912,76.1832,104.1624,85.4874,96.4692,34.0,0.0795,0.06927,4.77506,0.29824,1.80702,0.01345,0.57524,-0.05582,0.21745,33.0,0.27778,0.08333,0.02778,0.0,0.0,0.05556,0.55556,87.9714,91.39745,90.05972
285,Luke Wright,SEAM,0.0,124,0.04032,0.0,IPL_Men,124.60426,7.60148,101.772,139.8528,122.2614,129.0294,119.0,0.061,-0.19662,7.03609,0.23529,2.31618,0.01376,0.72243,0.21038,0.20346,117.0,0.3871,0.00806,0.26613,0.0,0.05645,0.03226,0.25,124.59531,125.02671,120.7464
286,Michael Clarke,ORTHODOX,0.0,394,0.00508,0.00254,IPL_Men,84.58966,3.96141,75.4632,97.002,81.9099,87.5448,380.0,0.0468,-0.05865,4.26488,0.26785,1.30477,-0.02767,0.70748,0.03099,0.21754,378.0,0.1599,0.04569,0.0,0.0,0.0,0.02284,0.77157,84.06221,86.31425,86.95849
288,Ryan McLaren,SEAM,0.0,1377,0.04575,0.00145,IPL_Men,132.77605,5.42862,113.0868,146.4588,130.68,136.08,839.0,0.0409,-0.36483,7.54784,0.30409,2.31964,-0.14657,0.90968,0.21826,0.23914,831.0,0.29847,0.00871,0.15832,0.00363,0.06826,0.37908,0.08351,131.99283,133.83888,137.38046
290,Matthew Wade,MEDIUM_SEAM,1.0,13,0.07692,0.0,IPL_Men,128.01822,3.06662,123.2064,132.5232,125.6616,129.6972,13.0,0.024,-0.16367,7.58992,0.52414,3.15399,0.22767,1.00658,0.39133,0.1851,12.0,0.07692,0.07692,0.61538,0.0,0.0,0.07692,0.15385,128.01822,127.43109,130.39351
293,Jacob Oram,FAST_SEAM,1.0,258,0.00775,0.0,IPL_Men,128.22387,4.65793,101.0016,135.6372,126.3204,130.9896,229.0,0.0363,-0.28383,7.0831,0.26876,1.82036,-0.07776,0.80914,0.20607,0.20631,225.0,0.56589,0.01163,0.22481,0.0,0.03876,0.05426,0.10465,127.87178,128.35164,131.1519
297,Kedar Jadhav,OFF_SPIN,1.0,1087,0.02116,0.0,IPL_Men,83.37254,6.6498,66.7584,105.7104,78.372,88.1514,807.0,0.0798,0.12194,4.82987,0.36386,1.39115,0.04258,0.53195,-0.07936,0.23222,802.0,0.23275,0.023,0.0138,0.0,0.0,0.22631,0.50414,83.29327,84.35946,88.28374
305,Ray Price,unknown,0.0,263,0.01901,0.0,IPL_Men,87.46718,5.91813,65.5524,109.026,83.3877,91.2078,198.0,0.0677,-0.10276,5.24215,0.15095,1.01407,0.11618,0.66327,0.21894,0.16413,197.0,0.41065,0.0038,0.0,0.0,0.0,0.02281,0.56274,85.92789,87.31218,89.12505
307,Tim Southee,MEDIUM_SEAM,1.0,12993,0.01124,0.00108,IPL_Men,132.55349,5.82316,65.268,152.9244,130.6152,135.8964,5760.0,0.0439,-0.18791,6.89525,0.32722,2.24838,-0.05539,0.82466,0.13252,0.23981,5721.0,0.26522,0.01108,0.07766,0.00062,0.03494,0.51097,0.09952,131.67393,133.77941,133.73465
314,Shoaib Malik,OFF_SPIN,1.0,1542,0.00843,0.00065,IPL_Men,86.39173,4.44302,70.128,140.1228,83.8827,89.0082,1140.0,0.0514,0.03255,4.80724,0.25843,1.16528,0.04427,0.66787,0.01172,0.20138,1139.0,0.20428,0.00778,0.0013,0.0,0.0,0.25162,0.53502,86.38095,86.28276,88.428
315,Younis Khan,MEDIUM_SEAM,1.0,98,0.0,0.0,IPL_Men,116.46,1.91548,110.16,119.52,115.29,118.08,38.0,0.0164,-0.51195,6.46461,0.18162,1.68967,-0.44395,0.65405,0.068,0.14868,38.0,0.19388,0.0102,0.08163,0.0,0.0,0.61224,0.10204,116.46,127.43109,130.39351
321,Sohail Tanvir,unknown,0.0,439,0.02278,0.00456,IPL_Men,128.94474,5.39389,104.8428,141.138,127.7325,131.9382,398.0,0.0418,0.19752,7.28641,0.27532,1.43078,-0.07452,0.77458,-0.27204,0.23841,396.0,0.61048,0.00228,0.23918,0.00228,0.01822,0.05011,0.07745,127.96726,128.48009,129.93125
330,Abdur Razzak,ORTHODOX,0.0,1087,0.01012,0.0,IPL_Men,87.9868,3.89046,78.8292,100.746,85.5036,90.3447,202.0,0.0442,-0.08199,5.0809,0.20186,1.14904,-0.01709,0.61208,0.0649,0.17172,202.0,0.07452,0.00276,0.0,0.0,0.0,0.79853,0.1242,88.31051,87.43051,87.66756
356,Shoaib Akhtar,FAST_SEAM,1.0,131,0.01527,0.0229,IPL_Men,140.17409,7.33076,109.6416,159.0264,138.3084,144.0684,121.0,0.0523,-0.32345,8.032,0.22674,1.57279,-0.11441,0.84864,0.20904,0.21967,120.0,0.41221,0.0,0.48855,0.00763,0.0458,0.01527,0.03053,139.56264,140.77646,140.03214
358,Ajantha Mendis,OFF_SPIN,1.0,1665,0.02042,0.00721,IPL_Men,89.0106,6.65065,72.3636,141.1992,83.9817,92.7729,1008.0,0.0747,-0.1196,4.98719,0.23799,1.3981,-0.03312,0.63356,0.08647,0.15886,1005.0,0.20541,0.01021,0.00721,0.0006,0.0,0.36517,0.41141,88.58332,89.89933,94.5519
359,Umar Gul,FAST_SEAM,1.0,1300,0.02,0.00462,IPL_Men,135.388,6.24723,73.1376,153.8892,132.2028,139.2696,1132.0,0.0461,-0.19617,7.88989,0.31662,1.97767,-0.00144,0.88301,0.19474,0.24879,1125.0,0.43077,0.00462,0.32615,0.00154,0.07385,0.08385,0.07923,134.78882,135.50544,136.15527
361,Ricky Ponting,MEDIUM_SEAM,1.0,12,0.0,0.0,IPL_Men,101.0118,16.48461,82.8864,121.7592,85.4964,117.3843,12.0,0.1632,-0.33617,5.52125,0.24103,3.29113,-0.23958,0.83717,0.09658,0.21699,12.0,0.16667,0.08333,0.16667,0.0,0.08333,0.0,0.5,101.0118,127.43109,130.39351
366,LPC Silva,unknown,0.0,19,0.05263,0.0,IPL_Men,88.398,1.66358,85.4568,90.5976,87.1983,89.3718,10.0,0.0188,0.00778,4.32367,0.20558,1.30938,-0.06778,0.65211,-0.07556,0.18703,9.0,0.21053,0.0,0.0,0.0,0.0,0.21053,0.57895,88.398,121.7758,129.56412
367,Shahid Afridi,LEG_SPIN,1.0,2412,0.01244,0.0,IPL_Men,92.14769,5.61209,72.7416,142.6428,88.2414,95.7042,1839.0,0.0609,-0.04974,4.99998,0.27318,1.27204,-0.03262,0.67283,0.01713,0.20726,1835.0,0.25622,0.00663,0.01036,0.0,0.0,0.19486,0.53192,91.98447,93.61581,88.8083
374,Ravi Bopara,SEAM,0.0,942,0.02123,0.0,IPL_Men,121.25042,9.32139,89.7624,139.914,120.7476,126.8451,848.0,0.0769,-0.31225,6.52737,0.30701,2.17486,-0.07984,0.69528,0.23241,0.2268,841.0,0.3949,0.0276,0.24416,0.0,0.00743,0.06476,0.26115,121.60276,119.32195,128.92869
383,Mohammad Ashraful,unknown,0.0,67,0.01493,0.0,IPL_Men,81.30913,3.90116,71.9028,89.5644,78.6168,84.0132,61.0,0.048,-0.09319,4.05758,0.36543,1.31758,-0.0492,0.53434,0.04398,0.19626,59.0,0.14925,0.0597,0.0,0.0,0.0,0.02985,0.76119,80.5738,82.368,129.56412
388,Moises Henriques,MEDIUM_SEAM,1.0,1304,0.01994,0.00077,IPL_Men,126.63075,7.93772,81.27,141.9228,123.0651,132.3288,1254.0,0.0627,-0.20193,7.38069,0.2909,2.3433,-0.02432,0.78551,0.17761,0.21878,1238.0,0.39034,0.02071,0.34279,0.00307,0.04601,0.03374,0.16334,127.24209,125.87132,128.60969
391,Mashrafe Mortaza,FAST_SEAM,1.0,3522,0.01476,0.00227,IPL_Men,123.3468,5.86866,100.5228,140.814,118.9188,127.7505,1848.0,0.0476,-0.24798,7.75411,0.33135,1.45355,-0.05379,0.8301,0.19419,0.26381,1848.0,0.25951,0.00028,0.23112,0.00028,0.0071,0.46905,0.03265,121.01262,123.74117,126.04488
400,Adam Voges,unknown,0.0,101,0.0396,0.0,IPL_Men,84.40189,3.56213,79.3872,114.102,83.1222,85.1571,94.0,0.0422,-0.15619,4.38649,0.22179,1.31118,-0.06726,0.64555,0.08894,0.14406,93.0,0.16832,0.0297,0.0,0.0,0.0,0.06931,0.73267,84.1176,85.78778,129.56412
410,Kemar Roach,FAST_SEAM,1.0,7400,0.00757,0.00608,IPL_Men,133.86186,4.73864,78.39,150.6024,131.0382,136.593,5727.0,0.0354,-0.17852,7.174,0.44741,2.09995,0.01488,0.81572,0.19341,0.26562,5706.0,0.37243,0.00892,0.22311,0.00041,0.03473,0.21284,0.14757,133.159,134.90841,134.70425
412,Anureet Singh,SEAM,0.0,396,0.0202,0.01515,IPL_Men,128.79816,7.1827,80.3052,141.4584,126.5112,133.3152,369.0,0.0558,-0.17057,6.58638,0.32739,3.33765,-0.09099,0.71444,0.07958,0.22644,349.0,0.27525,0.08838,0.24495,0.00758,0.08081,0.09091,0.21212,129.91422,127.04272,129.29037
413,Dwayne Smith,SEAM,1.0,467,0.02784,0.00857,IPL_Men,126.04117,6.0417,104.7528,141.7464,123.0948,130.2966,418.0,0.0479,-0.2696,7.28383,0.30746,2.85393,-0.01437,0.81976,0.25523,0.2244,405.0,0.27409,0.04283,0.2955,0.0,0.08994,0.10707,0.19058,125.93165,126.15701,125.157
415,Prasanth Parameswaran DUPLICATE,SEAM,0.0,62,0.03226,0.0,IPL_Men,129.56571,7.71709,96.2532,137.5848,128.8296,133.8048,57.0,0.0596,0.21893,7.7006,0.45461,1.98953,0.07332,0.82681,-0.14561,0.26813,57.0,0.41935,0.01613,0.40323,0.0,0.03226,0.01613,0.1129,128.57386,130.24606,130.7502
423,Shabnim Ismail,FAST_SEAM,1.0,50,0.0,0.04,IPL_Men,114.77542,3.9228,99.954,120.1788,113.9364,116.9919,50.0,0.0342,-0.51132,6.83924,0.13978,2.23234,-0.38156,0.66314,0.12976,0.11716,50.0,0.34,0.02,0.36,0.0,0.0,0.0,0.28,113.9724,116.54055,115.0616
424,Marizanne Kapp,FAST_SEAM,1.0,55,0.07273,0.0,IPL_Men,112.5218,3.51764,100.1916,118.6668,112.2498,114.1686,55.0,0.0313,-0.45163,5.67959,0.19659,2.30297,-0.39928,0.57406,0.05235,0.11939,54.0,0.43636,0.07273,0.09091,0.0,0.03636,0.01818,0.34545,111.8304,113.4135,113.18966
425,Ayabonga Khaka,MEDIUM_SEAM,1.0,112,0.03571,0.0,IPL_Men,103.8205,7.09754,74.844,112.3344,102.1347,107.6724,110.0,0.0684,-0.38225,6.09732,0.23692,1.9089,-0.29482,0.57125,0.08742,0.1517,106.0,0.41964,0.02679,0.16964,0.0,0.0,0.04464,0.33929,104.68375,107.9708,101.01411
428,Sune Luus,LEG_SPIN,1.0,39,0.07692,0.0,IPL_Men,66.20074,6.58734,57.7224,80.5608,61.9254,68.6691,32.0,0.0995,0.13203,4.12648,0.22433,1.69529,0.01621,0.62969,-0.11583,0.36213,29.0,0.17949,0.07692,0.02564,0.0,0.0,0.15385,0.5641,65.91794,67.4262,88.8083
430,Dane van Niekerk,LEG_SPIN,1.0,32,0.03125,0.03125,IPL_Men,65.63081,2.24481,61.9056,71.9568,64.3806,66.3012,32.0,0.0342,-0.18381,4.21294,0.23716,1.07993,-0.32225,0.66791,-0.13844,0.24539,32.0,0.09375,0.03125,0.0,0.0,0.0,0.0,0.875,65.63081,86.51212,88.8083
431,Martin Guptill,OFF_SPIN,1.0,81,0.01235,0.0,IPL_Men,85.74723,3.60387,74.88,91.89,83.7576,88.5366,43.0,0.042,-0.07807,4.42924,0.40054,1.65014,-0.03838,0.72431,0.03969,0.16353,42.0,0.18519,0.02469,0.0,0.0,0.0,0.46914,0.32099,85.74723,86.56654,88.28374
433,Kyle Mills,FAST_SEAM,1.0,1045,0.0067,0.00574,IPL_Men,129.19732,4.34758,89.7768,139.32,127.5516,131.7132,393.0,0.0337,-0.24642,7.25148,0.24524,1.61605,-0.02338,0.85894,0.22304,0.22618,390.0,0.23828,0.00191,0.12057,0.0,0.00957,0.58086,0.0488,126.20695,129.39592,130.32655
434,Adam Milne,FAST_SEAM,1.0,1646,0.03888,0.00182,IPL_Men,140.82186,7.67431,111.0924,153.7272,137.3688,146.07,901.0,0.0545,-0.31269,8.013,0.29597,2.51867,-0.09386,0.91956,0.21883,0.24242,885.0,0.19623,0.01033,0.19927,0.00365,0.06987,0.45322,0.06744,140.32896,140.80456,142.50383
435,Rob Nicol,unknown,0.0,32,0.0625,0.0,IPL_Men,93.14175,4.71673,82.7676,124.2612,90.5796,97.596,105.0,0.0434,-0.12505,5.4521,0.25363,1.58025,-0.04709,0.70603,0.09138,0.20212,105.0,0.0,0.0,0.0,0.0,0.0,1.0,0.0,90.39757,121.7758,129.56412
440,Kane Williamson,OFF_SPIN,1.0,1663,0.00902,0.0,IPL_Men,84.12034,5.05053,72.4248,139.2696,81.0,86.8356,529.0,0.06,-0.05342,4.54944,0.39257,1.36337,0.07437,0.68421,0.12779,0.25061,527.0,0.089,0.01924,0.0006,0.0,0.0,0.61335,0.27781,84.02307,84.96402,84.6006
441,Mohammad Hafeez,OFF_SPIN,1.0,4734,0.00782,0.0,IPL_Men,86.80688,4.11875,66.6972,134.6724,84.3831,89.496,3690.0,0.0474,-0.03497,4.88734,0.25075,1.01954,0.05332,0.65025,0.08829,0.21934,3687.0,0.22095,0.00317,0.00084,0.0,0.00021,0.19223,0.58259,86.71729,87.03981,87.26255
442,Abdul Razzaq,FAST_SEAM,1.0,190,0.02105,0.0,IPL_Men,128.57964,2.77697,121.572,140.0724,126.7128,130.4748,169.0,0.0216,-0.30346,7.66444,0.16192,1.43241,-0.08918,0.77695,0.21428,0.16577,169.0,0.52632,0.0,0.37368,0.0,0.01579,0.03158,0.05263,127.84778,128.83292,128.52668
443,Asad Shafiq,OFF_SPIN,1.0,209,0.01435,0.0,IPL_Men,85.00341,3.97918,66.7548,98.748,82.7415,87.3315,170.0,0.0468,-0.01144,4.83764,0.31917,1.25129,0.03357,0.5855,0.04501,0.18809,169.0,0.21053,0.01435,0.00957,0.0,0.0,0.17703,0.58852,85.1168,81.9042,88.28374
446,Mohammad Sami,unknown,0.0,74,0.02703,0.0,IPL_Men,93.14175,4.71673,82.7676,124.2612,90.5796,97.596,105.0,0.0434,-0.12505,5.4521,0.25363,1.58025,-0.04709,0.70603,0.09138,0.20212,105.0,0.0,0.0,0.0,0.0,0.0,1.0,0.0,90.39757,121.7758,129.56412
448,Raza Hasan,unknown,0.0,50,0.04,0.0,IPL_Men,85.48224,2.5486,81.4428,98.1,84.2256,86.3424,45.0,0.0298,-0.00331,4.82202,0.27863,0.87245,-0.20778,0.65722,-0.20447,0.26171,45.0,0.18,0.0,0.0,0.0,0.0,0.02,0.8,86.32485,85.66691,84.6204
449,Saeed Ajmal,OFF_SPIN,1.0,5069,0.00434,0.0,IPL_Men,89.08293,5.51485,68.7204,114.516,86.4,92.7864,3219.0,0.0619,-0.11706,4.95788,0.29569,0.9785,0.0189,0.70629,0.13596,0.25615,3219.0,0.19452,0.00217,0.00059,0.0,0.0,0.32255,0.48017,88.93834,90.19709,89.94
456,Hashim Amla,MEDIUM_SEAM,1.0,12,0.0,0.0,IPL_Men,79.4598,3.44972,75.6576,86.2596,76.4604,81.8433,12.0,0.0434,0.0605,5.27883,0.1246,1.49521,-0.02125,0.61883,-0.08175,0.13758,12.0,0.5,0.0,0.0,0.0,0.0,0.0,0.5,79.4598,127.43109,130.39351
457,Farhaan Behardien,unknown,0.0,608,0.02138,0.00164,IPL_Men,112.26478,6.47933,95.4036,126.8136,107.2548,116.9496,579.0,0.0577,-0.22089,5.97733,0.23098,1.93654,-0.06798,0.71267,0.1529,0.19349,575.0,0.5,0.03125,0.1102,0.0,0.00329,0.01974,0.33553,112.29039,112.11386,129.56412
459,Lonwabo Tsotsobe,unknown,0.0,1012,0.02569,0.00099,IPL_Men,128.94347,5.61502,85.1292,144.36,126.72,132.12,776.0,0.0435,0.11893,7.8405,0.26959,1.85481,-0.2276,0.95654,-0.34652,0.23326,776.0,0.42095,0.00198,0.26285,0.0,0.07905,0.17984,0.05534,127.16191,129.6908,130.26709
468,Jess Jonassen,ORTHODOX,0.0,401,0.00998,0.00249,IPL_Men,76.44866,3.66505,68.9328,93.3552,74.034,78.5187,370.0,0.0479,-0.17879,4.65919,0.19412,1.23258,-0.11241,0.61504,0.06638,0.15373,369.0,0.20449,0.01496,0.00998,0.0,0.0,0.05486,0.71571,76.4124,75.9196,80.487
471,Ellyse Perry,FAST_SEAM,1.0,441,0.03628,0.00454,IPL_Men,112.09227,3.62459,88.9956,121.266,110.1897,114.3702,434.0,0.0323,-0.2591,6.65746,0.24577,2.53269,-0.1228,0.67456,0.13629,0.18906,428.0,0.41043,0.03175,0.22676,0.01587,0.02494,0.02948,0.26077,111.54538,112.75197,112.68647
474,Suzie Bates,MEDIUM_SEAM,1.0,173,0.01734,0.01156,IPL_Men,97.79295,3.11133,87.6204,103.6584,96.138,99.8784,161.0,0.0318,-0.21861,4.94835,0.24988,1.84217,-0.16637,0.57988,0.05224,0.13441,158.0,0.2659,0.04046,0.05202,0.0,0.0,0.08671,0.55491,97.63799,98.331,130.39351
478,Sophie Devine,MEDIUM_SEAM,1.0,87,0.03448,0.0,IPL_Men,102.50346,7.4175,80.8776,113.7744,97.0569,108.2304,82.0,0.0724,-0.1745,4.69128,0.35707,2.33509,-0.13506,0.49852,0.03944,0.1645,80.0,0.25287,0.10345,0.03448,0.0,0.02299,0.06897,0.51724,101.91627,102.79172,130.39351
488,Pat Cummins,FAST_SEAM,1.0,7115,0.01729,0.00155,IPL_Men,139.76368,6.01909,84.3768,153.5616,137.3436,143.4168,3563.0,0.0431,-0.26714,7.75481,0.32815,2.22643,-0.02205,0.94493,0.24509,0.27581,3533.0,0.21462,0.00703,0.17948,0.00084,0.04554,0.49389,0.05861,138.54343,140.89732,141.11118
489,Xavier Doherty,unknown,0.0,905,0.00552,0.0,IPL_Men,88.97961,4.83577,76.14,145.188,85.9392,91.4004,889.0,0.0543,-0.01798,4.48801,0.21033,1.06584,0.03043,0.72339,0.04841,0.1561,888.0,0.15801,0.00994,0.0,0.0,0.0,0.01105,0.82099,88.98587,88.9546,129.56412
490,Mitchell Starc,FAST_SEAM,0.0,11663,0.01603,0.0036,IPL_Men,141.43931,5.0667,33.732,159.3504,138.9312,144.5076,6790.0,0.0358,-0.03352,6.56517,0.33573,2.54556,-0.15487,0.79036,-0.12135,0.28413,6666.0,0.2381,0.02778,0.13899,0.00051,0.02684,0.40093,0.16685,140.77221,142.03392,142.6707
492,Mahmudullah,OFF_SPIN,1.0,2044,0.01419,0.0,IPL_Men,84.61338,4.81261,70.8768,101.9196,81.468,87.2424,1213.0,0.0569,-0.08604,4.90033,0.31434,1.2126,0.03688,0.65879,0.12292,0.25731,1211.0,0.17857,0.00587,0.00489,0.0,0.00049,0.37524,0.43493,84.68511,83.93506,88.28374
493,Abul Hasan,MEDIUM_SEAM,1.0,109,0.00917,0.0,IPL_Men,130.00896,6.78964,108.4392,136.7856,129.51,133.7742,30.0,0.0522,-0.20166,8.75448,0.2252,2.21728,0.06279,1.02834,0.26445,0.21347,29.0,0.07339,0.00917,0.13761,0.0,0.0367,0.73394,0.00917,130.00896,127.43109,130.39351
498,Nasir Hossain,unknown,0.0,945,0.00635,0.0,IPL_Men,87.68181,4.46369,74.2032,104.4072,85.0392,90.2169,504.0,0.0509,0.02328,5.10563,0.2704,1.18671,0.04307,0.60614,0.0198,0.25622,502.0,0.17989,0.00529,0.00529,0.00106,0.0,0.46032,0.34815,87.62194,87.96617,87.6411
499,Shafiul Islam,FAST_SEAM,1.0,1142,0.02189,0.00263,IPL_Men,129.91342,5.61399,98.4708,146.8152,127.6839,133.4961,928.0,0.0432,-0.23999,7.34512,0.33134,1.89445,-0.04303,0.72885,0.19696,0.23322,928.0,0.42644,0.00788,0.26795,0.00788,0.03065,0.13748,0.12172,129.3025,129.76965,131.46759
500,Ziaur Rahman,unknown,0.0,195,0.01026,0.00513,IPL_Men,123.92856,6.29613,108.6084,138.4092,122.166,128.1132,125.0,0.0508,-0.35684,8.17328,0.19215,1.26251,-0.08938,0.74473,0.26746,0.13642,125.0,0.23077,0.0,0.38974,0.0,0.00513,0.35897,0.01538,123.80416,125.21782,129.56412
502,Lahiru Thirimanne,MEDIUM_SEAM,1.0,124,0.02419,0.0,IPL_Men,106.95256,3.89338,94.9104,113.8248,105.5376,109.2096,23.0,0.0364,-0.1457,6.15057,0.26577,1.73558,0.16339,0.7087,0.30909,0.16881,23.0,0.09677,0.0,0.03226,0.0,0.0,0.79839,0.07258,107.19635,105.74496,108.846
503,Jeevan Mendis,LEG_SPIN,1.0,566,0.01413,0.00177,IPL_Men,79.37877,5.18837,68.4756,109.2636,75.7512,81.81,373.0,0.0654,-0.04202,4.38282,0.22772,1.29175,-0.11802,0.62349,-0.076,0.21386,373.0,0.12898,0.02473,0.00177,0.0,0.0,0.31625,0.52827,79.31542,79.92138,88.8083
504,Rangana Herath,ORTHODOX,0.0,12116,0.00124,8e-05,IPL_Men,81.03697,5.2083,63.8964,141.3972,77.7573,83.4759,8730.0,0.0643,-0.01304,4.24246,0.27777,0.84206,-0.00126,0.62403,0.01178,0.20466,8720.0,0.04143,0.00603,0.00033,0.0,8e-05,0.25281,0.69932,81.04603,81.2858,80.04884
505,Nuwan Pradeep,FAST_SEAM,1.0,5343,0.00955,0.00955,IPL_Men,135.72374,5.17025,73.224,150.8292,133.4025,138.6846,3982.0,0.0381,-0.20201,7.54337,0.36364,1.96199,-0.03482,0.84934,0.16719,0.24611,3968.0,0.40183,0.00487,0.20868,0.00112,0.05409,0.24537,0.08404,135.16669,136.65034,136.94219
507,Tim Bresnan,unknown,0.0,1078,0.01948,0.0,IPL_Men,132.37237,5.79396,77.0364,162.4284,130.5432,135.414,929.0,0.0438,-0.29669,7.86495,0.23269,1.99871,0.02087,0.94394,0.31756,0.21714,923.0,0.44898,0.00928,0.31725,0.00464,0.07236,0.07792,0.06957,131.27664,133.65325,133.66278
510,Steven Finn,unknown,0.0,1666,0.02161,0.0012,IPL_Men,135.44677,5.84519,76.0644,151.524,132.8436,138.9204,1533.0,0.0432,-0.21209,7.68873,0.2725,1.99321,-0.03404,0.97951,0.17806,0.22319,1529.0,0.40396,0.0066,0.38115,0.0006,0.04442,0.05162,0.11164,134.45109,136.28795,136.2147
511,Alex Hales,MEDIUM_SEAM,1.0,18,0.0,0.0,IPL_Men,79.0011,4.30526,73.08,89.5824,75.7035,80.8353,16.0,0.0545,-0.34212,3.95269,0.14763,1.63085,-0.1455,0.62606,0.19662,0.19159,16.0,0.22222,0.11111,0.0,0.0,0.0,0.0,0.66667,79.0011,127.43109,130.39351
513,Samit Patel,unknown,0.0,97,0.01031,0.0,IPL_Men,84.71769,3.57137,75.8592,94.2624,81.8694,86.652,42.0,0.0422,0.16143,4.7835,0.26795,1.08702,0.05921,0.62755,-0.10221,0.24324,42.0,0.12371,0.0,0.0,0.0,0.0,0.56701,0.30928,85.324,81.0798,129.56412
514,Graeme Swann,OFF_SPIN,1.0,3154,0.0019,0.0,IPL_Men,86.35561,4.65192,29.2356,139.8564,84.1806,88.1892,2655.0,0.0539,-0.13376,4.2569,0.31713,1.15036,0.00308,0.70107,0.13684,0.23681,2645.0,0.11065,0.03234,0.00254,0.00063,0.00032,0.03393,0.81959,86.30908,86.56654,87.69633
516,Alex Cusack,unknown,0.0,345,0.02609,0.0,IPL_Men,122.60125,8.2998,83.3688,135.7092,119.5839,127.5165,264.0,0.0677,-0.21939,7.12958,0.38246,2.31269,0.01558,0.81015,0.23497,0.26745,262.0,0.43768,0.01449,0.1942,0.0058,0.04638,0.14203,0.15942,120.90734,124.5199,123.78345
517,George Dockrell,ORTHODOX,0.0,2191,0.01232,0.0,IPL_Men,86.28966,6.12826,70.1676,137.1816,82.5336,89.6823,584.0,0.071,-0.05833,5.03185,0.28536,1.25121,-0.03924,0.71026,0.01909,0.1936,581.0,0.09722,0.00319,0.00183,0.0,0.0,0.71474,0.18302,86.26506,86.39331,86.95849
518,Trent Johnston,unknown,0.0,262,0.01527,0.00382,IPL_Men,127.37609,7.02493,70.326,139.0356,125.2944,130.5531,158.0,0.0552,-0.26939,6.86923,0.22609,1.58025,-0.03854,0.75899,0.23085,0.16589,157.0,0.43893,0.01527,0.14504,0.0,0.00763,0.30153,0.0916,124.398,128.08227,128.28644
521,Tim Murtagh,unknown,0.0,1545,0.00712,0.0,IPL_Men,120.388,4.23019,107.406,133.506,118.1691,123.3486,170.0,0.0351,-0.29687,7.12176,0.16666,1.50963,-0.05212,0.79301,0.24475,0.14603,170.0,0.07055,0.0,0.02654,0.00065,0.0,0.88932,0.01294,119.16937,120.86557,121.03311
522,Kevin O'Brien,MEDIUM_SEAM,1.0,1312,0.01905,0.0,IPL_Men,117.8136,5.27579,101.3976,131.508,114.1371,121.9104,422.0,0.0448,-0.15557,7.06963,0.3268,2.23189,-0.10531,0.79673,0.05026,0.20496,420.0,0.15168,0.00762,0.0907,0.0,0.01753,0.67302,0.05945,117.05066,120.3028,130.39351
523,Niall O'Brien,unknown,0.0,43,0.02326,0.0,IPL_Men,93.14175,4.71673,82.7676,124.2612,90.5796,97.596,105.0,0.0434,-0.12505,5.4521,0.25363,1.58025,-0.04709,0.70603,0.09138,0.20212,105.0,0.0,0.0,0.0,0.0,0.0,1.0,0.0,90.39757,121.7758,129.56412
524,Boyd Rankin,FAST_SEAM,1.0,1600,0.02438,0.005,IPL_Men,135.22893,7.26849,76.3056,153.0864,131.8824,139.7916,603.0,0.0537,-0.25188,7.44195,0.34549,2.01252,-0.00891,0.95684,0.24298,0.28338,602.0,0.18062,0.00562,0.15687,0.0,0.01125,0.58812,0.0575,134.08784,135.91365,136.68765
525,Max Sorensen,unknown,0.0,121,0.05785,0.0,IPL_Men,127.24954,3.90233,113.13,135.18,125.3556,129.7728,95.0,0.0307,-0.24846,6.95299,0.29557,1.65096,-0.11581,0.81498,0.13265,0.20725,95.0,0.39669,0.0,0.23967,0.0,0.0,0.20661,0.15702,124.42022,129.4168,128.67849
526,Paul Stirling,OFF_SPIN,1.0,1088,0.01287,0.00092,IPL_Men,88.82201,6.08317,72.5544,112.8924,84.8097,92.3859,408.0,0.0685,-0.17335,4.94006,0.3405,1.30255,-0.10676,0.63523,0.06659,0.21666,403.0,0.13327,0.01011,0.00368,0.0,0.0,0.57721,0.27574,88.68439,89.97344,86.8284
527,Stuart Thompson,MEDIUM_SEAM,1.0,724,0.02762,0.01796,IPL_Men,126.75199,4.2167,102.2112,136.9512,124.3224,129.4632,185.0,0.0333,-0.27759,6.71311,0.32484,2.11532,-0.06102,0.72508,0.21657,0.21108,185.0,0.12845,0.00414,0.05525,0.0,0.00691,0.74448,0.06077,126.81089,126.40733,130.39351
528,Andrew White,unknown,0.0,30,0.0,0.0,IPL_Men,79.99534,4.63328,74.8764,86.9796,76.2588,84.8052,14.0,0.0579,-0.21579,4.33007,0.35207,1.72474,-0.05871,0.61336,0.15707,0.19222,14.0,0.26667,0.1,0.0,0.0,0.0,0.0,0.63333,79.99534,121.7758,129.56412
530,Brendan Taylor,OFF_SPIN,1.0,11,0.0,0.0,IPL_Men,84.7962,2.52267,83.0124,86.58,83.9043,85.6881,2.0,0.0297,-0.3755,5.221,0.21708,0.62791,-0.1455,0.6605,0.23,0.11738,2.0,0.63636,0.0,0.0,0.0,0.0,0.0,0.36364,84.7962,86.56654,88.28374
531,Elton Chigumbura,unknown,0.0,531,0.06403,0.00753,IPL_Men,126.97622,4.16841,114.3072,135.6948,124.3215,130.0959,152.0,0.0328,-0.29669,7.16412,0.36784,2.3332,-0.03232,0.76836,0.26438,0.20866,152.0,0.13748,0.0113,0.10923,0.0,0.01507,0.67608,0.05085,126.82731,127.53461,129.56412
532,Graeme Cremer,unknown,0.0,2232,0.00896,0.00045,IPL_Men,81.44619,4.40074,67.2696,97.0344,78.3297,84.5505,762.0,0.054,0.02321,4.47596,0.21182,1.13422,-0.08267,0.70983,-0.10588,0.18507,762.0,0.06541,0.00627,0.0009,0.0,0.0,0.62052,0.3069,81.18166,83.25969,129.56412
534,Kyle Jarvis,FAST_SEAM,1.0,1550,0.00903,0.00452,IPL_Men,127.30566,5.38566,100.8,141.3324,125.3052,130.5468,889.0,0.0423,-0.1108,7.12684,0.34636,2.10975,0.04383,0.79852,0.15462,0.25135,886.0,0.29484,0.00516,0.13613,0.0,0.03742,0.41484,0.11161,125.85608,127.61718,129.49348
535,Hamilton Masakadza,MEDIUM_SEAM,1.0,1110,0.00631,0.0,IPL_Men,111.4724,5.77919,80.244,125.6364,109.3527,114.9732,526.0,0.0518,-0.14035,6.14371,0.33622,1.58123,0.08368,0.68329,0.22403,0.1881,526.0,0.27568,0.0027,0.05586,0.0,0.0,0.50991,0.15586,111.45873,112.6566,130.39351
537,Chris Mpofu,FAST_SEAM,1.0,1521,0.01512,0.0,IPL_Men,127.91871,5.60841,87.0624,142.3692,125.8524,131.418,777.0,0.0438,0.01004,7.37979,0.44236,1.89787,0.00511,0.82985,-0.00493,0.26627,774.0,0.32413,0.00263,0.13412,0.0,0.03485,0.44576,0.05851,127.27033,128.07471,129.18151
540,Vusi Sibanda,unknown,0.0,113,0.02655,0.0,IPL_Men,93.14175,4.71673,82.7676,124.2612,90.5796,97.596,105.0,0.0434,-0.12505,5.4521,0.25363,1.58025,-0.04709,0.70603,0.09138,0.20212,105.0,0.0,0.0,0.0,0.0,0.0,1.0,0.0,90.39757,121.7758,129.56412
541,Prosper Utseya,OFF_SPIN,1.0,1921,0.00937,0.00052,IPL_Men,80.15834,6.55013,67.0536,97.8156,75.0897,84.96,336.0,0.0817,-0.22445,4.3778,0.30708,1.06315,0.04121,0.66512,0.26566,0.24025,331.0,0.02863,0.00416,0.0,0.0,0.0,0.78345,0.18376,79.46642,81.52812,82.098
542,Brian Vitori,unknown,0.0,582,0.04124,0.0,IPL_Men,130.97492,4.18162,122.8716,141.5916,127.863,133.3656,51.0,0.0319,0.06496,5.98598,0.24472,1.71008,-0.12729,0.64012,-0.19225,0.1462,51.0,0.0567,0.00344,0.00859,0.0,0.0,0.90722,0.02405,126.1692,130.82055,134.01974
543,Malcolm Waller,unknown,0.0,341,0.01173,0.0,IPL_Men,88.35329,5.0602,75.546,102.186,85.1058,91.5039,112.0,0.0573,0.10638,5.32926,0.2588,1.60643,0.0335,0.65162,-0.07288,0.20212,112.0,0.1349,0.0088,0.02053,0.0,0.0,0.65982,0.17595,88.35329,121.7758,129.56412
547,Katherine Brunt,FAST_SEAM,1.0,914,0.01751,0.0,IPL_Men,111.29371,5.26922,77.6916,122.0796,108.9117,114.5412,848.0,0.0473,-0.13393,7.1064,0.28458,2.19117,-0.04607,0.70454,0.08786,0.19956,846.0,0.45514,0.00985,0.22867,0.01313,0.03611,0.06674,0.19037,110.62286,111.57188,112.20623
550,Jenny Gunn,MEDIUM_SEAM,1.0,346,0.02023,0.00289,IPL_Men,96.88464,8.82553,64.6776,107.3556,97.0074,101.5722,320.0,0.0911,-0.20067,5.52212,0.35488,1.6725,-0.08793,0.59812,0.11274,0.22122,316.0,0.48844,0.03179,0.04335,0.0,0.0,0.08092,0.35549,95.05591,100.12769,100.32156
552,Heather Knight,OFF_SPIN,1.0,222,0.02252,0.0045,IPL_Men,75.18798,3.09317,64.5336,86.0904,73.5597,76.6917,218.0,0.0411,-0.20472,4.34934,0.34151,1.43957,-0.09562,0.53884,0.1091,0.19789,217.0,0.19369,0.04955,0.0045,0.0,0.0,0.01351,0.73874,75.18798,86.56654,88.28374
553,Laura Marsh,OFF_SPIN,1.0,610,0.00984,0.0,IPL_Men,78.68059,4.64407,64.746,93.2148,75.888,81.8154,594.0,0.059,-0.18975,4.51575,0.30641,1.41296,-0.06548,0.62316,0.12427,0.21734,593.0,0.2541,0.03934,0.00328,0.0,0.0,0.01967,0.68361,78.69836,78.57979,88.28374
555,Anya Shrubsole,MEDIUM_SEAM,1.0,683,0.02196,0.00146,IPL_Men,106.9051,4.72761,89.73,118.62,104.9274,110.052,647.0,0.0442,-0.20643,5.92812,0.34273,1.73048,-0.0429,0.629,0.16353,0.2281,646.0,0.47731,0.01318,0.10249,0.0,0.0,0.04246,0.36457,104.95139,107.57883,108.50819
557,Danni Wyatt,OFF_SPIN,1.0,111,0.02703,0.0,IPL_Men,79.70739,6.97039,66.1896,101.4372,75.0951,83.1753,102.0,0.0874,-0.28662,5.40962,0.30673,1.82484,-0.08084,0.60036,0.20577,0.19233,102.0,0.38739,0.00901,0.05405,0.0,0.0,0.08108,0.46847,79.70739,86.56654,88.28374
559,Harmanpreet Kaur,OFF_SPIN,1.0,200,0.01,0.0,IPL_Men,76.95949,4.90776,66.5748,92.3004,73.467,80.1414,167.0,0.0638,-0.1032,5.00178,0.40996,1.62659,-0.11735,0.57706,-0.01415,0.2704,167.0,0.31,0.035,0.02,0.0,0.0,0.15,0.485,76.28393,81.18908,88.28374
560,Ekta Bisht,ORTHODOX,0.0,443,0.02032,0.0,IPL_Men,70.77875,3.74975,63.1044,82.9836,68.2002,72.603,415.0,0.053,-0.16548,4.405,0.3057,0.98301,-0.10273,0.58095,0.06276,0.16478,413.0,0.09707,0.00451,0.0,0.0,0.0,0.04515,0.85327,70.60011,71.17342,71.13287
562,Jhulan Goswami,FAST_SEAM,1.0,695,0.01583,0.00432,IPL_Men,108.23258,4.07671,84.7944,118.5372,106.7364,110.7918,567.0,0.0377,-0.21855,6.18736,0.23126,1.86501,-0.10774,0.6441,0.11082,0.15,558.0,0.42734,0.02734,0.12662,0.0,0.0,0.19137,0.22734,107.22805,109.00846,108.63297
567,Anuja Patil,OFF_SPIN,1.0,140,0.01429,0.0,IPL_Men,78.96555,4.56286,66.492,87.2964,76.536,82.3284,129.0,0.0578,-0.20922,4.99822,0.33957,1.46853,-0.21067,0.48193,-0.00145,0.13153,129.0,0.32857,0.02857,0.02857,0.0,0.0,0.04286,0.57143,78.0129,78.47523,79.57369
573,Stafanie Taylor,OFF_SPIN,1.0,228,0.02632,0.0,IPL_Men,77.62761,4.66297,65.394,89.1684,74.4156,80.7804,209.0,0.0601,-0.24415,4.38706,0.33435,1.356,-0.17022,0.61951,0.07393,0.17028,209.0,0.19298,0.03947,0.0,0.0,0.0,0.07018,0.69737,77.85929,77.31986,75.633
574,Shemaine Campbelle,MEDIUM_SEAM,1.0,26,0.07692,0.0,IPL_Men,68.15176,3.60169,59.2596,74.4588,66.0654,70.2288,23.0,0.0528,-0.11213,3.88239,0.36726,1.73023,-0.20809,0.60387,-0.09596,0.13071,23.0,0.11538,0.19231,0.0,0.0,0.0,0.11538,0.57692,68.15176,127.43109,130.39351
577,Deandra Dottin,FAST_SEAM,1.0,98,0.08163,0.0,IPL_Men,104.04063,13.73928,76.7124,120.1248,89.1306,115.0677,92.0,0.1321,-0.31041,5.11435,0.31966,2.16162,-0.15033,0.59092,0.16009,0.16009,92.0,0.31633,0.07143,0.08163,0.0,0.0,0.06122,0.46939,93.29569,116.28331,113.98788
580,Anisa Mohammed,OFF_SPIN,1.0,211,0.00474,0.0,IPL_Men,73.47596,2.44249,68.004,82.8108,71.9118,74.8656,191.0,0.0332,-0.3449,4.17335,0.28471,1.19491,-0.09617,0.625,0.24872,0.1425,191.0,0.1327,0.03791,0.0,0.0,0.0,0.09005,0.73934,73.49149,73.2444,88.28374
584,Shakera Selman,MEDIUM_SEAM,1.0,138,0.02899,0.01449,IPL_Men,101.50026,6.20614,81.234,114.21,97.5699,106.6572,126.0,0.0611,-0.19013,6.04322,0.2524,1.96375,-0.05774,0.60185,0.13238,0.18778,125.0,0.41304,0.02899,0.13768,0.0,0.0,0.08696,0.33333,101.7798,100.38276,102.7923
586,Shaminda Eranga,unknown,0.0,539,0.02226,0.00186,IPL_Men,134.78482,6.15832,87.3864,145.2384,133.6122,138.141,379.0,0.0457,-0.26162,7.23113,0.27287,2.1148,-0.06507,0.81515,0.19655,0.21766,373.0,0.36364,0.02226,0.22263,0.00186,0.02597,0.27273,0.09091,133.9475,134.95964,135.63304
588,Akila Dananjaya,OFF_SPIN,1.0,2658,0.01053,0.00038,IPL_Men,80.9062,4.32268,72.1188,95.5908,77.7717,83.3751,1842.0,0.0534,-0.10833,4.479,0.26708,1.03833,0.02728,0.65097,0.13561,0.2445,1839.0,0.09819,0.00978,0.00113,0.0,0.0,0.29985,0.59105,80.34872,82.26381,82.60348
589,Darren Sammy,SEAM,0.0,1706,0.00762,0.00234,IPL_Men,121.67621,7.06716,87.6744,140.7528,120.2373,125.6598,1498.0,0.0581,-0.16545,7.05893,0.32815,1.75026,0.03186,0.79537,0.19731,0.24061,1491.0,0.50586,0.00821,0.23857,0.0,0.01641,0.09261,0.13834,120.58981,123.17136,125.44351
590,Samuel Badree,SEAM,1.0,263,0.01901,0.0,IPL_Men,92.07968,5.90781,79.6608,139.6188,87.8922,95.2578,226.0,0.0642,-0.08571,5.38029,0.21834,1.58082,0.0182,0.60663,0.1039,0.15224,224.0,0.3384,0.0076,0.05703,0.0038,0.0076,0.11027,0.47529,94.11187,90.51072,92.71034
591,Johnson Charles,unknown,0.0,7,0.14286,0.14286,IPL_Men,120.91114,7.64616,105.9516,130.248,119.142,124.371,7.0,0.0632,-0.221,6.95343,0.07977,2.85101,0.105,0.80129,0.326,0.25585,7.0,0.28571,0.0,0.14286,0.0,0.14286,0.0,0.42857,120.91114,121.7758,129.56412
594,Ravi Rampaul,FAST_SEAM,1.0,1099,0.03367,0.00273,IPL_Men,134.24329,6.06669,102.438,146.088,132.4062,138.0366,919.0,0.0452,-0.15841,8.09166,0.26577,2.04322,0.01553,0.93407,0.17395,0.23171,911.0,0.31847,0.00819,0.42129,0.00182,0.07006,0.10282,0.07734,132.21759,135.0447,135.1053
595,Lendl Simmons,SEAM,1.0,73,0.0137,0.0,IPL_Men,105.54642,5.43737,83.8512,120.4236,102.6396,108.0099,60.0,0.0515,-0.20853,6.39663,0.32519,2.10809,0.04765,0.60372,0.25618,0.20684,60.0,0.35616,0.0137,0.20548,0.0,0.0,0.17808,0.24658,106.07107,100.8246,128.92869
596,Shashikala Siriwardene,OFF_SPIN,1.0,265,0.01132,0.0,IPL_Men,71.47941,5.30039,58.698,84.3372,67.5657,75.0474,250.0,0.0742,-0.25204,4.10808,0.34186,1.16765,0.00033,0.63286,0.25237,0.17618,249.0,0.09811,0.03396,0.0,0.0,0.0,0.04528,0.82264,71.19309,72.42722,88.28374
602,Udeshika Prabodhani,MEDIUM_SEAM,0.0,72,0.0,0.0,IPL_Men,93.42198,2.85773,87.8184,98.748,91.26,95.6214,71.0,0.0306,0.04387,6.15131,0.26208,1.26955,-0.04246,0.60586,-0.08634,0.14342,71.0,0.68056,0.0,0.05556,0.0,0.0,0.01389,0.25,89.139,94.5183,92.94716
603,Inoka Ranaweera,ORTHODOX,0.0,116,0.00862,0.00862,IPL_Men,70.38423,4.04938,59.544,80.1792,67.6152,72.6948,109.0,0.0575,-0.1121,4.29205,0.34767,1.24484,-0.09316,0.63541,0.01894,0.1662,109.0,0.14655,0.0431,0.0,0.0,0.0,0.05172,0.75862,70.27501,72.2592,86.95849
609,Sripali Weerakkody,MEDIUM_SEAM,1.0,115,0.06087,0.0,IPL_Men,94.13818,4.3898,83.7864,110.0124,91.4904,96.822,113.0,0.0466,-0.37397,6.06365,0.31633,1.76067,0.1185,0.6218,0.49248,0.26163,113.0,0.49565,0.0087,0.13913,0.0,0.0,0.0087,0.34783,94.60253,93.64457,94.70556
610,Nawroz Mangal,unknown,0.0,25,0.04,0.0,IPL_Men,82.26,4.38951,77.6052,93.2328,80.1612,82.7604,17.0,0.0534,-0.00165,4.46859,0.27185,1.22232,0.22971,0.53588,0.23135,0.12856,17.0,0.12,0.04,0.0,0.0,0.0,0.32,0.52,82.26,121.7758,129.56412
611,Asghar Afghan,MEDIUM_SEAM,1.0,11,0.0,0.0,IPL_Men,108.33768,3.79325,101.934,111.024,107.9532,111.0096,5.0,0.035,-0.2652,7.0864,0.24159,1.73282,-0.2732,0.7468,-0.008,0.20167,5.0,0.27273,0.0,0.09091,0.0,0.0,0.54545,0.09091,108.33768,127.43109,130.39351
612,Dawlat Zadran,FAST_SEAM,1.0,1859,0.02474,0.00646,IPL_Men,134.95206,7.24304,41.8536,146.25,132.6951,138.7215,488.0,0.0537,-0.18322,7.6231,0.25505,2.19893,-0.00362,0.90541,0.17961,0.2044,479.0,0.12103,0.00269,0.08445,0.00054,0.02152,0.73427,0.0355,133.68438,135.31956,136.52788
613,Gulbadin Naib,MEDIUM_SEAM,1.0,1517,0.01912,0.00527,IPL_Men,119.73535,9.78592,91.6272,133.7868,119.7036,125.5752,515.0,0.0817,-0.14527,7.1874,0.40904,2.01541,-0.04416,0.79493,0.10111,0.26731,512.0,0.17007,0.00198,0.09229,0.00198,0.01318,0.65854,0.06196,118.29761,121.72555,130.39351
614,Hamid Hassan,FAST_SEAM,1.0,468,0.02564,0.00214,IPL_Men,138.93191,5.01698,110.2572,146.88,136.9476,142.281,363.0,0.0361,-0.1505,6.83529,0.41287,2.25011,-0.00769,0.81267,0.14281,0.26752,351.0,0.32051,0.02778,0.24145,0.0,0.01068,0.21795,0.18162,138.28287,139.44512,138.95935
616,Javed Ahmadi,OFF_SPIN,1.0,161,0.0,0.0,IPL_Men,85.31207,3.90149,77.0508,95.2596,82.1952,88.3728,119.0,0.0457,-0.31684,5.17663,0.29092,1.35903,-0.03035,0.65102,0.28649,0.2751,119.0,0.30435,0.00621,0.01863,0.0,0.0,0.2236,0.4472,85.31207,86.56654,88.28374
617,Karim Sadiq,unknown,0.0,43,0.02326,0.0,IPL_Men,92.8446,2.47975,87.7608,95.7924,90.5796,94.4577,12.0,0.0267,-0.07383,4.84892,0.35022,1.10985,0.02983,0.52108,0.10367,0.27101,12.0,0.09302,0.0,0.0,0.0,0.0,0.72093,0.18605,90.39757,92.8446,129.56412
618,Mohammad Nabi,OFF_SPIN,1.0,3552,0.00901,0.00084,IPL_Men,87.44208,6.16292,70.8156,136.7856,83.3472,90.6669,1424.0,0.0705,-0.05025,5.12132,0.31996,1.11168,-0.03779,0.68814,0.01246,0.2608,1421.0,0.14865,0.00535,0.00169,0.0,0.0,0.59065,0.25366,86.37781,88.50359,90.70187
620,Najibullah Zadran,OFF_SPIN,1.0,30,0.0,0.0,IPL_Men,90.0441,5.12326,84.5388,95.094,86.3046,94.0113,4.0,0.0569,0.2365,4.503,0.03339,0.94737,0.05275,0.6025,-0.18375,0.27705,4.0,0.0,0.0,0.0,0.0,0.0,0.8,0.2,85.67964,86.56654,90.0441
622,Samiullah Shinwari,LEG_SPIN,1.0,602,0.01993,0.00332,IPL_Men,85.00679,4.69001,73.53,106.1388,81.8091,88.227,260.0,0.0552,-0.13925,4.51082,0.23619,1.78198,-0.20782,0.60311,-0.06857,0.17707,260.0,0.09967,0.03322,0.01661,0.0,0.0,0.55648,0.29402,85.1123,83.5882,88.8083
624,Shapoor Zadran,FAST_SEAM,0.0,506,0.01186,0.00198,IPL_Men,133.65337,4.63391,83.3688,142.3944,131.535,136.1601,350.0,0.0347,-0.11621,7.20681,0.42217,2.04109,-0.24022,0.86849,-0.12401,0.32502,344.0,0.30435,0.01186,0.25099,0.0,0.01186,0.3004,0.12055,133.13338,133.28914,134.40421
625,Sana Mir,OFF_SPIN,1.0,60,0.0,0.0,IPL_Men,76.29473,2.62508,70.6464,83.2428,74.5209,78.1263,50.0,0.0344,-0.14288,4.28932,0.40502,1.25167,-0.0064,0.57558,0.13648,0.13851,50.0,0.08333,0.03333,0.0,0.0,0.0,0.11667,0.76667,76.31695,76.0392,88.28374
642,Rory Kleinveldt,unknown,0.0,274,0.0365,0.00365,IPL_Men,132.2886,5.47644,109.9476,144.3996,129.96,135.4716,181.0,0.0414,-0.28475,7.6766,0.31299,1.94198,-0.14684,0.89545,0.13791,0.28231,181.0,0.31752,0.0146,0.28102,0.0,0.0292,0.31752,0.04015,130.78024,134.0304,129.56412
643,Vernon Philander,FAST_SEAM,1.0,8055,0.00385,0.00633,IPL_Men,129.68347,4.00828,30.3588,160.1532,127.3824,132.1524,4810.0,0.0309,-0.17695,7.54061,0.21785,1.62335,-0.10641,0.84471,0.07054,0.20529,4808.0,0.34798,0.00112,0.1887,0.00074,0.02272,0.39156,0.04718,129.29707,130.41342,129.9921
647,Ben Rohrer,SEAM,0.0,7,0.14286,0.0,IPL_Men,107.84726,1.28487,105.57,109.3896,107.1954,108.5868,7.0,0.0119,-0.41971,5.67814,0.26137,1.8826,-0.32271,0.53329,0.097,0.12188,7.0,0.42857,0.0,0.14286,0.0,0.0,0.0,0.42857,124.25422,107.84726,128.92869
652,Dean Elgar,ORTHODOX,0.0,707,0.0,0.0,IPL_Men,78.44371,6.20579,63.5004,99.5796,75.0978,79.677,575.0,0.0791,-0.07965,4.23961,0.30596,1.29736,-0.10658,0.60038,-0.02694,0.20611,573.0,0.1372,0.03395,0.00283,0.0,0.0,0.14851,0.67751,78.54725,76.56276,86.95849
659,Peter Siddle,FAST_SEAM,1.0,5613,0.00071,0.00392,IPL_Men,134.0816,4.27754,82.9512,149.5512,132.0408,136.6992,4827.0,0.0319,-0.22366,6.77483,0.29745,1.75657,-0.09061,0.78876,0.13305,0.2174,4821.0,0.51897,0.00606,0.16996,0.00018,0.02031,0.09816,0.18635,133.97351,134.49967,134.27889
668,Neil Wagner,MEDIUM_SEAM,0.0,5830,0.0036,0.00566,IPL_Men,131.49258,4.4216,97.8336,142.2972,129.4218,134.2458,1263.0,0.0336,-0.11494,7.49181,0.43846,2.576,-0.19061,0.86049,-0.07567,0.34886,1257.0,0.09777,0.00309,0.04425,0.0,0.03396,0.7789,0.04202,131.43678,132.0512,131.0168
690,Isuru Udana,MEDIUM_SEAM,0.0,609,0.02135,0.00164,IPL_Men,123.30571,12.3998,79.7688,138.3156,123.471,130.8771,514.0,0.1006,0.06467,6.86146,0.36324,2.69018,-0.16132,0.80349,-0.22599,0.30855,498.0,0.3399,0.04926,0.20197,0.0,0.05911,0.17077,0.17898,121.22596,125.85869,123.05304
696,Michael Yardy,unknown,0.0,114,0.01754,0.0,IPL_Men,88.77931,7.83414,74.8548,115.0596,83.6046,92.016,99.0,0.0882,0.02659,4.86486,0.29435,1.51927,0.03575,0.6675,0.00916,0.22711,96.0,0.35088,0.02632,0.00877,0.0,0.0,0.01754,0.59649,90.14733,85.7619,86.30809
714,Aaron Phangiso,unknown,0.0,862,0.01624,0.0,IPL_Men,85.68385,3.83013,72.7164,95.7564,83.2527,88.2612,512.0,0.0447,0.02064,4.66648,0.28951,0.99777,-0.06348,0.63748,-0.08412,0.2013,512.0,0.12645,0.00348,0.00232,0.0,0.0,0.34919,0.51856,85.78648,85.69421,82.40428
730,Mitchell McClenaghan,SEAM,0.0,3115,0.03981,0.00706,IPL_Men,131.7519,7.74796,84.3588,148.2624,128.52,137.0367,1966.0,0.0588,0.03468,7.68286,0.38799,2.63275,-0.09519,0.94694,-0.12987,0.31705,1927.0,0.23146,0.01766,0.21894,0.00257,0.07095,0.35377,0.10465,130.8405,130.82529,133.35891
733,Tom Cooper,unknown,0.0,199,0.01005,0.0,IPL_Men,80.51166,5.35363,48.3768,89.7948,77.5872,83.6892,129.0,0.0665,0.09239,3.73182,0.3073,1.2634,0.19639,0.5989,0.104,0.19585,124.0,0.05528,0.05528,0.0,0.0,0.0,0.33668,0.55276,80.51166,121.7758,129.56412
740,Narsingh Deonarine,unknown,0.0,162,0.01852,0.0,IPL_Men,87.93283,5.79155,71.6436,97.9884,84.24,92.3652,121.0,0.0659,-0.09946,4.98275,0.31173,1.42235,-0.11263,0.6966,-0.01318,0.26478,120.0,0.2716,0.01852,0.01235,0.0,0.0,0.22222,0.47531,88.13822,86.48136,129.56412
747,Devendra Bishoo,LEG_SPIN,1.0,4437,0.00383,0.00248,IPL_Men,81.44168,4.81569,65.8008,126.4896,78.0597,84.5622,3788.0,0.0591,-0.06291,4.57952,0.32116,1.1776,-0.24145,0.66318,-0.17855,0.23286,3781.0,0.18233,0.01195,0.00293,0.0,0.00023,0.11742,0.68515,81.33536,82.51355,82.86907
748,John Hastings,SEAM,0.0,866,0.01963,0.00231,IPL_Men,131.00672,8.18794,22.9716,155.1708,128.2464,135.4968,697.0,0.0625,-0.30373,7.42227,0.40792,1.63696,-0.12043,0.90392,0.1833,0.2711,693.0,0.46882,0.00346,0.23672,0.0,0.02771,0.18938,0.0739,129.95828,132.40932,131.27942
769,Jason Mohammed,unknown,0.0,316,0.0,0.0,IPL_Men,83.46883,3.78476,72.9972,93.7584,81.1224,85.7844,289.0,0.0453,0.03287,5.1514,0.34832,0.98647,0.05719,0.63834,0.02433,0.25426,289.0,0.33228,0.0,0.00316,0.0,0.0,0.06013,0.60443,83.33429,83.85971,129.56412
773,Colin Munro,MEDIUM_SEAM,1.0,532,0.0188,0.0,IPL_Men,112.16259,8.38742,93.0744,129.8844,107.1432,118.2087,142.0,0.0748,-0.15087,6.6661,0.37684,1.70565,-0.05985,0.74305,0.09101,0.31659,142.0,0.15226,0.00564,0.05639,0.0,0.00188,0.72932,0.05451,111.61817,118.0605,130.39351
776,Chris Martin,FAST_SEAM,1.0,118,0.00847,0.00847,IPL_Men,127.55258,3.31278,119.52,135.36,125.28,129.78,103.0,0.026,-0.39381,6.73695,0.19921,1.68718,-0.23064,0.88435,0.16317,0.18919,103.0,0.63559,0.01695,0.12712,0.0,0.00847,0.05932,0.15254,126.98193,131.88,135.56306
796,Adil Rashid,LEG_SPIN,1.0,6797,0.00765,0.00059,IPL_Men,81.10772,4.821,56.5452,138.564,78.084,83.7072,5762.0,0.0594,-0.07331,4.55303,0.27859,1.26668,-0.18993,0.65964,-0.11661,0.27571,5756.0,0.18641,0.01692,0.0053,0.0,0.0,0.13403,0.65735,80.9737,82.96422,85.6038
797,Nathan Lyon,OFF_SPIN,1.0,15907,0.00063,6e-05,IPL_Men,88.02911,5.52039,19.4364,149.0544,85.8456,89.622,10313.0,0.0627,-0.18776,4.38681,0.32569,0.98598,0.01189,0.74524,0.19965,0.25914,10299.0,0.07336,0.00849,0.00138,0.0,6e-05,0.33746,0.57924,87.8953,88.87652,88.61636
798,Kane Richardson,FAST_SEAM,1.0,1297,0.02082,0.0,IPL_Men,133.79702,6.59107,49.8024,146.7576,131.4126,137.8242,1039.0,0.0493,-0.32204,7.50646,0.31362,2.24935,-0.07887,0.89307,0.24318,0.24576,1026.0,0.33616,0.01234,0.28759,0.00077,0.05166,0.18504,0.12645,133.20173,133.31159,135.48593
808,Seekkuge Prasanna,unknown,0.0,1336,0.01647,0.0,IPL_Men,82.01739,3.25589,69.8796,110.8584,80.0109,83.619,886.0,0.0397,-0.09155,4.28286,0.20089,1.11187,-0.09673,0.61226,-0.00519,0.16112,885.0,0.09356,0.01722,0.0015,0.0,0.0,0.30389,0.58383,82.04603,81.81948,129.56412
810,Jehan Mubarak,unknown,0.0,18,0.0,0.0,IPL_Men,78.93576,1.35383,76.4424,80.7876,78.2244,80.1252,10.0,0.0172,0.2797,4.8216,0.19553,1.09932,0.1653,0.5884,-0.1144,0.08021,10.0,0.22222,0.05556,0.0,0.0,0.0,0.05556,0.66667,78.93576,121.7758,129.56412
811,Sachithra Senanayake,SEAM,0.0,1757,0.01081,0.0,IPL_Men,84.44749,4.51996,69.4944,106.2756,81.5832,87.2244,1133.0,0.0535,-0.03694,4.89824,0.24977,1.01803,0.0151,0.66472,0.05205,0.2033,1132.0,0.16904,0.00455,0.00398,0.0,0.00057,0.33238,0.48947,84.12271,84.78419,85.34742
814,Angelo Perera,ORTHODOX,0.0,66,0.0,0.0,IPL_Men,79.4016,6.23739,71.0892,89.0784,76.8834,82.4157,6.0,0.0786,-0.43883,4.58917,0.3038,1.69933,-0.563,0.618,-0.12417,0.1622,6.0,0.0303,0.0,0.0,0.0,0.0,0.90909,0.06061,79.4016,86.35378,86.95849
815,Shehan Jayasuriya,OFF_SPIN,1.0,223,0.00897,0.0,IPL_Men,88.61667,6.02761,72.7416,107.028,84.7044,92.0376,213.0,0.068,0.01242,4.79059,0.30938,1.12206,0.02115,0.6524,0.00872,0.22651,212.0,0.23318,0.00897,0.00448,0.0,0.0,0.02242,0.73094,88.64172,88.13832,89.7996
817,Dushmantha Chameera,unknown,0.0,898,0.03786,0.00334,IPL_Men,137.7158,5.3974,108.4644,147.3012,135.8946,140.9742,526.0,0.0392,-0.20954,7.95466,0.32686,2.38426,-0.13902,0.93225,0.07052,0.28042,525.0,0.23051,0.01114,0.20601,0.0,0.08241,0.40646,0.06347,137.21139,138.4056,137.86255
820,Colin de Grandhomme,MEDIUM_SEAM,1.0,3520,0.01364,0.00312,IPL_Men,121.78573,5.50623,86.9832,137.664,119.8863,124.8723,1138.0,0.0452,-0.14296,6.87864,0.33228,1.64968,-0.01668,0.73956,0.12628,0.24885,1135.0,0.20369,0.00284,0.06222,0.00085,0.00455,0.67188,0.05398,121.25332,122.30808,125.30123
826,Liam Dawson,unknown,0.0,61,0.0,0.0,IPL_Men,84.9594,3.26156,78.5844,90.0144,82.8369,87.1038,24.0,0.0384,0.0215,4.83838,0.15978,1.28922,-0.04075,0.66433,-0.06225,0.11015,24.0,0.13115,0.01639,0.0,0.0,0.0,0.59016,0.2623,84.9594,121.7758,129.56412
831,James Vince,MEDIUM_SEAM,1.0,61,0.01639,0.0,IPL_Men,121.59906,4.83038,103.0104,131.688,120.1473,123.9858,60.0,0.0397,-0.48182,7.84787,0.23094,2.17738,-0.26008,0.94202,0.22173,0.18417,60.0,0.36066,0.03279,0.5082,0.0,0.01639,0.01639,0.06557,121.48867,122.5926,130.39351
833,Temba Bavuma,MEDIUM_SEAM,1.0,86,0.0,0.02326,IPL_Men,119.05163,7.753,80.0964,125.0928,118.962,121.7736,29.0,0.0651,-0.12659,6.99748,0.26907,2.56046,0.14828,0.63259,0.27486,0.25966,29.0,0.15116,0.02326,0.0814,0.01163,0.0,0.65116,0.0814,119.05163,127.43109,130.39351
836,Chris Morris,FAST_SEAM,1.0,3876,0.0307,0.00181,IPL_Men,136.24568,6.45638,96.0768,150.5628,133.6446,140.2722,3303.0,0.0474,-0.21831,6.93363,0.33129,2.63702,0.00736,0.84577,0.22567,0.24994,3186.0,0.32792,0.04309,0.22833,0.00077,0.05728,0.16047,0.18215,135.76861,136.31201,137.31832
837,Dwaine Pretorius,MEDIUM_SEAM,1.0,906,0.00773,0.0,IPL_Men,127.09553,4.84426,96.4404,137.0988,124.8858,129.9852,368.0,0.0381,-0.16608,7.16685,0.2781,2.03999,0.01071,0.85492,0.17679,0.23066,368.0,0.20971,0.0011,0.09713,0.00221,0.01987,0.59161,0.07837,126.16397,128.13874,128.28224
840,Nathan Coulter-Nile,FAST_SEAM,1.0,2184,0.02564,0.00412,IPL_Men,135.96253,6.86077,28.5912,151.0596,133.7697,140.0193,1958.0,0.0505,-0.23251,7.64505,0.34732,2.34808,-0.05119,0.91393,0.18131,0.27426,1937.0,0.35119,0.01419,0.32143,0.00137,0.08059,0.09936,0.13187,134.5778,135.94092,138.3668
843,Joe Mennie,unknown,0.0,91,0.01099,0.0,IPL_Men,131.54804,4.72205,114.5052,139.716,130.5801,134.5239,90.0,0.0359,-0.04408,6.91696,0.33621,1.76198,0.16648,0.86501,0.21056,0.26111,89.0,0.61538,0.01099,0.18681,0.0,0.01099,0.02198,0.15385,130.28643,131.91357,134.1891
850,Bilawal Bhatti,unknown,0.0,365,0.0274,0.00274,IPL_Men,139.72136,4.45307,116.5464,148.6656,137.8251,142.5024,252.0,0.0319,-0.37517,8.27277,0.21278,2.3963,-0.0171,0.80956,0.35807,0.18159,248.0,0.20822,0.01644,0.32603,0.00822,0.08493,0.28219,0.07397,139.88383,139.30717,129.56412
854,Abdur Rehman,unknown,0.0,417,0.01199,0.00959,IPL_Men,93.14175,5.65449,75.3912,107.6436,88.9623,97.596,258.0,0.0607,0.03223,5.4521,0.29488,1.07754,-0.04627,0.68503,-0.0785,0.22317,255.0,0.39089,0.0024,0.0048,0.0,0.0,0.24221,0.35971,92.61181,96.20705,92.3211
855,Haris Sohail,ORTHODOX,0.0,867,0.00692,0.0,IPL_Men,84.47922,3.59304,73.8576,100.4004,82.026,86.4396,611.0,0.0425,0.0228,4.73354,0.35315,1.25705,-0.0592,0.64655,-0.082,0.23082,611.0,0.18916,0.01384,0.00231,0.0,0.0,0.2872,0.5075,84.6049,83.00505,86.95849
857,Josh Hazlewood,FAST_SEAM,1.0,10161,0.00453,0.00098,IPL_Men,135.56396,4.7335,22.8096,155.9772,133.2531,138.3048,4920.0,0.0349,-0.23807,6.87966,0.27564,1.90513,-0.05321,0.88061,0.18486,0.21192,4908.0,0.27586,0.00305,0.09586,0.00039,0.01683,0.50586,0.10216,134.70522,136.82112,136.61762
869,David Wiese,MEDIUM_SEAM,1.0,525,0.02286,0.0019,IPL_Men,124.05843,7.17934,91.4076,139.2048,117.7506,129.0996,495.0,0.0579,-0.33219,6.91491,0.29051,2.13514,-0.03797,0.80265,0.29422,0.2114,491.0,0.50286,0.01524,0.21524,0.00571,0.0381,0.02095,0.2019,125.07428,123.03219,123.94549
871,Shannon Gabriel,FAST_SEAM,1.0,7414,0.00742,0.01983,IPL_Men,140.20993,4.92152,77.3856,155.8872,137.3796,143.4636,5490.0,0.0351,-0.25631,7.3611,0.38864,2.36485,-0.06825,0.8563,0.18806,0.30064,5425.0,0.30834,0.01497,0.23145,0.00027,0.05382,0.25627,0.13488,139.69722,141.14405,141.26567
874,Fawad Alam,unknown,0.0,36,0.0,0.0,IPL_Men,87.91089,1.76651,84.3228,91.494,86.9922,89.0271,26.0,0.0201,-0.30123,4.92262,0.17121,1.4275,-0.094,0.59327,0.20723,0.13914,26.0,0.27778,0.0,0.0,0.0,0.0,0.16667,0.55556,88.03008,87.74836,129.56412
887,Joe Root,OFF_SPIN,1.0,2821,0.01063,0.00035,IPL_Men,87.89562,5.33714,67.914,133.8912,84.8745,90.9999,2280.0,0.0607,0.10389,4.43665,0.28852,1.22075,0.05602,0.68083,-0.04786,0.2256,2274.0,0.1503,0.02233,0.00354,0.0,0.0,0.15952,0.6643,87.85706,88.20477,88.28374
889,Iain Wardlaw,unknown,0.0,217,0.03687,0.00461,IPL_Men,130.88292,4.3856,113.8212,147.2832,128.6424,133.7886,207.0,0.0335,-0.29096,7.57259,0.20739,2.3423,-0.19984,0.96196,0.09112,0.17067,204.0,0.42857,0.02304,0.27189,0.0,0.11521,0.02765,0.13364,128.77065,131.16681,132.17308
894,Ashan Priyanjan,unknown,0.0,213,0.01408,0.0,IPL_Men,83.60096,4.62805,71.0712,92.6568,80.28,86.6187,90.0,0.0554,-0.00918,4.54686,0.24712,1.14913,-0.02402,0.56151,-0.01484,0.16957,90.0,0.09859,0.0,0.0,0.0,0.0,0.55869,0.34272,83.67015,83.10404,129.56412
898,Imran Tahir,LEG_SPIN,1.0,7194,0.00862,0.00139,IPL_Men,86.64768,6.16881,68.6916,142.5852,82.0953,91.4229,4914.0,0.0712,-0.04675,4.4352,0.2636,1.46369,-0.00972,0.65327,0.03703,0.22749,4882.0,0.14443,0.02877,0.00862,0.0,0.00042,0.29483,0.52294,86.00618,88.40763,88.8083
900,James Anderson,FAST_SEAM,1.0,14118,0.0034,0.00035,IPL_Men,134.0267,4.88481,39.9996,150.8328,131.4387,136.9908,11452.0,0.0364,-0.21818,7.18731,0.31299,1.65745,-0.08838,0.84628,0.1298,0.2514,11438.0,0.49695,0.00283,0.22206,0.0005,0.0233,0.13911,0.11524,133.5597,135.05775,134.32806
904,Monty Panesar,ORTHODOX,0.0,1054,0.0,0.0,IPL_Men,90.51925,4.8248,72.252,136.53,88.5096,92.6748,1017.0,0.0533,0.03315,4.35766,0.29511,1.16879,-0.02716,0.69528,-0.06031,0.19777,1011.0,0.15939,0.03985,0.00095,0.0,0.0,0.03795,0.76186,90.16932,92.68376,91.9578
909,Michael Neser,SEAM,0.0,97,0.0,0.01031,IPL_Men,131.09635,5.08526,118.2168,143.478,128.2572,134.208,95.0,0.0388,-0.32403,7.25398,0.19642,2.54352,-0.11511,0.77565,0.20892,0.13784,93.0,0.42268,0.05155,0.29897,0.0,0.06186,0.03093,0.13402,130.158,129.97786,132.91232
913,Ben Cutting,FAST_SEAM,0.0,471,0.02123,0.0,IPL_Men,129.73867,9.57707,97.524,144.2844,120.5964,137.2158,403.0,0.0738,-0.19331,7.4357,0.32327,2.34164,-0.03214,0.89948,0.16117,0.28479,399.0,0.37155,0.02335,0.28662,0.0,0.05732,0.14437,0.11677,131.6782,127.17833,132.37952
920,Jason Krejza,unknown,0.0,320,0.00938,0.0,IPL_Men,85.28861,4.80444,66.3768,98.6148,82.4355,87.9804,296.0,0.0563,-0.30267,4.512,0.32585,1.21363,-0.08697,0.76921,0.2157,0.26708,296.0,0.19375,0.025,0.00312,0.0,0.0,0.00938,0.76875,85.28861,121.7758,129.56412
921,Ben Laughlin,SEAM,0.0,179,0.05587,0.00559,IPL_Men,126.81639,9.54126,69.6096,139.914,118.62,134.2314,151.0,0.0752,-0.28271,6.5848,0.26682,3.19712,-0.1784,0.75818,0.10431,0.18461,147.0,0.26816,0.0838,0.18994,0.00559,0.0838,0.14525,0.22346,126.46285,127.33782,126.5367
935,Ashton Agar,ORTHODOX,0.0,1107,0.00542,0.00181,IPL_Men,89.82604,4.7533,66.1248,139.3704,86.9742,92.7315,1048.0,0.0529,-0.0003,4.59093,0.30029,1.16966,-0.01713,0.70261,-0.01683,0.23102,1047.0,0.19783,0.01897,0.00452,0.0,0.0,0.02258,0.7561,89.74006,90.32548,90.19952
937,Jason Behrendorff,FAST_SEAM,0.0,643,0.01866,0.00156,IPL_Men,131.29984,4.91234,107.5176,145.7316,130.176,133.9668,469.0,0.0374,0.15365,7.28757,0.23686,1.66771,-0.07778,0.85374,-0.23143,0.21406,468.0,0.4168,0.00467,0.2224,0.0,0.014,0.25505,0.08709,128.39567,131.52411,133.11178
942,Sean Abbott,FAST_SEAM,1.0,62,0.03226,0.0,IPL_Men,136.67024,5.72521,111.204,145.8684,135.2709,138.9744,44.0,0.0419,-0.27138,8.32619,0.15518,2.22643,-0.18993,0.95731,0.08145,0.16055,42.0,0.16129,0.01613,0.41935,0.0,0.04839,0.25806,0.09677,134.39774,136.41818,140.54891
948,Usman Khawaja,MEDIUM_SEAM,1.0,6,0.0,0.0,IPL_Men,125.53649,5.94583,95.0076,138.3156,122.4234,130.4874,155.0,0.0487,-0.20067,7.09016,0.31074,2.10741,-0.05226,0.78551,0.15745,0.21767,155.0,0.0,0.0,0.0,0.0,0.0,1.0,0.0,124.38227,127.43109,130.39351
951,Gurinder Sandhu,SEAM,0.0,140,0.01429,0.0,IPL_Men,131.32563,7.41609,107.784,142.3224,131.1165,135.576,126.0,0.0565,-0.20973,7.26172,0.22784,2.12341,-0.03106,0.9715,0.17867,0.1835,123.0,0.49286,0.02143,0.3,0.0,0.02857,0.05,0.10714,129.44006,133.68259,128.92869
952,Chris Tremain,unknown,0.0,183,0.02732,0.0,IPL_Men,134.54636,5.34669,112.6116,146.7252,131.6673,138.0582,180.0,0.0397,0.00804,6.94334,0.33043,2.22608,0.10096,0.81547,0.09292,0.29625,178.0,0.52459,0.01093,0.18033,0.0,0.06557,0.02732,0.19126,133.42792,137.5029,134.59085
954,Dimuth Karunaratne,MEDIUM_SEAM,1.0,214,0.0,0.0,IPL_Men,112.09564,3.49147,99.3168,122.49,109.9548,114.5916,137.0,0.0311,-0.25483,6.56512,0.21553,1.483,-0.09037,0.68518,0.16446,0.16722,137.0,0.41121,0.0,0.08879,0.0,0.00935,0.34579,0.14486,111.95988,112.35562,130.39351
956,Dhammika Prasad,unknown,0.0,435,0.03678,0.0092,IPL_Men,137.43558,4.37012,114.2352,145.728,135.5229,140.211,260.0,0.0318,-0.28656,7.4047,0.24207,2.60994,-0.07981,0.80219,0.20675,0.20123,253.0,0.23908,0.01839,0.17471,0.0023,0.05287,0.3977,0.11494,137.83001,137.63189,135.84131
957,Thilan Samaraweera,OFF_SPIN,1.0,12,0.0,0.0,IPL_Men,90.80064,6.61035,81.8892,101.0448,85.7763,94.7079,10.0,0.0728,-0.202,5.1205,0.2102,0.96012,-0.1601,0.7487,0.0419,0.13255,10.0,0.41667,0.0,0.0,0.0,0.0,0.0,0.58333,90.80064,86.56654,88.28374
958,Adam Zampa,LEG_SPIN,1.0,2516,0.01073,0.0,IPL_Men,86.17736,5.06329,71.2332,130.194,82.6335,89.7363,1720.0,0.0588,-0.11462,4.46124,0.19438,1.57499,-0.10162,0.63391,0.013,0.19933,1715.0,0.16097,0.04014,0.01033,0.0,0.0,0.30684,0.48172,86.08377,86.55886,86.1408
961,Fawad Ahmed,unknown,0.0,66,0.0,0.0,IPL_Men,84.31041,4.97461,77.904,109.1772,82.0152,84.8736,61.0,0.059,0.05844,4.72803,0.22888,1.2536,-0.1597,0.72956,-0.21815,0.17939,61.0,0.27273,0.0303,0.0,0.0,0.0,0.07576,0.62121,83.82489,87.1156,129.56412
962,James Tredwell,unknown,0.0,1488,0.00336,0.0,IPL_Men,85.70345,5.42819,70.6896,120.294,81.6579,89.6337,1320.0,0.0633,-0.08927,4.66755,0.29946,0.87415,-0.01512,0.69585,0.07415,0.24297,1316.0,0.15323,0.00403,0.0,0.0,0.0,0.08199,0.76075,85.80828,85.20668,129.56412
964,Marcus Stoinis,MEDIUM_SEAM,1.0,1761,0.02385,0.00057,IPL_Men,127.31024,7.68334,89.8524,146.7972,125.4024,131.9598,1311.0,0.0604,-0.29117,7.78324,0.25094,2.60269,-0.05372,0.88678,0.23745,0.18859,1281.0,0.25213,0.0176,0.27371,0.00909,0.07098,0.26178,0.11471,127.03893,127.05966,130.92055
967,Chris Woakes,FAST_SEAM,1.0,7352,0.01156,0.00041,IPL_Men,134.57538,6.48774,73.3176,151.9236,132.5601,138.3543,5518.0,0.0482,-0.25178,7.46012,0.26627,2.10668,-0.06112,0.88202,0.19066,0.22814,5497.0,0.33841,0.00898,0.26537,0.00068,0.04149,0.23313,0.11194,134.35549,134.76651,134.95043
968,Corey Anderson,SEAM,0.0,1430,0.04266,0.0,IPL_Men,128.56673,7.3116,93.6648,143.946,124.9812,133.6626,647.0,0.0569,-0.10811,7.38164,0.42601,2.45,-0.14981,0.84941,-0.04171,0.34301,641.0,0.17902,0.00769,0.15734,0.0014,0.03147,0.53776,0.08531,129.17496,127.17229,128.92869
969,Trent Boult,FAST_SEAM,0.0,14761,0.0126,0.00102,IPL_Men,134.51548,5.83671,81.2664,147.9132,132.3612,137.988,6529.0,0.0434,-0.00648,7.09282,0.35343,2.36567,-0.10649,0.81494,-0.10001,0.29257,6446.0,0.23122,0.01219,0.11402,0.00135,0.03272,0.51534,0.09315,133.49935,135.72294,135.63117
971,Jimmy Neesham,MEDIUM_SEAM,1.0,2215,0.04199,0.00316,IPL_Men,131.35169,6.40028,100.8324,144.5724,129.2688,135.1899,988.0,0.0487,-0.25349,7.35546,0.35046,2.39682,-0.04256,0.84029,0.21094,0.2369,975.0,0.186,0.01129,0.16163,0.00181,0.02664,0.53138,0.08126,131.77143,130.22891,133.69087
974,Jeetan Patel,unknown,0.0,166,0.0241,0.0,IPL_Men,93.14175,4.71673,82.7676,124.2612,90.5796,97.596,105.0,0.0434,-0.12505,5.4521,0.25363,1.58025,-0.04709,0.70603,0.09138,0.20212,105.0,0.0,0.0,0.0,0.0,0.0,1.0,0.0,90.39757,121.7758,129.56412
979,Ahmed Shehzad,unknown,0.0,100,0.0,0.0,IPL_Men,84.56164,1.89875,77.7744,88.1568,83.5416,85.824,64.0,0.0225,-0.13059,4.12673,0.19482,1.57803,-0.23011,0.61259,-0.09952,0.15679,63.0,0.14,0.07,0.0,0.0,0.0,0.37,0.42,84.56164,121.7758,129.56412
980,Asad Ali,unknown,0.0,103,0.00971,0.0,IPL_Men,129.22346,5.11259,89.9352,133.9308,128.5164,131.3217,96.0,0.0396,-0.17188,6.87927,0.22907,1.64159,-0.01105,0.70233,0.16082,0.18828,96.0,0.60194,0.0,0.21359,0.0,0.02913,0.0,0.15534,128.36448,130.3308,128.45664
981,Junaid Khan,FAST_SEAM,0.0,4900,0.01082,0.00265,IPL_Men,134.70391,4.41869,99.9252,146.9556,132.4953,137.4498,3318.0,0.0328,0.07449,8.02415,0.37829,1.91928,-0.01906,0.83882,-0.09355,0.29219,3310.0,0.31939,0.00367,0.27327,0.00551,0.05,0.30816,0.04,134.04168,135.41218,135.52973
982,Mohammad Irfan,unknown,0.0,2344,0.02986,0.00213,IPL_Men,137.8203,5.91981,71.9676,149.0544,135.3573,141.6168,1560.0,0.043,0.14271,7.50749,0.29198,2.20743,-0.18,0.98457,-0.32272,0.28867,1538.0,0.27474,0.01408,0.26578,0.0,0.0273,0.3157,0.10239,135.9252,138.12245,139.20869
983,Umar Amin,unknown,0.0,18,0.0,0.0,IPL_Men,93.14175,4.71673,82.7676,124.2612,90.5796,97.596,105.0,0.0434,-0.12505,5.4521,0.25363,1.58025,-0.04709,0.70603,0.09138,0.20212,105.0,0.0,0.0,0.0,0.0,0.0,1.0,0.0,90.39757,121.7758,129.56412
984,Zulfiqar Babar,unknown,0.0,251,0.01195,0.0,IPL_Men,86.48903,4.27223,77.4288,134.4204,84.6018,87.9966,238.0,0.0494,-0.06196,4.90324,0.2514,0.87371,-0.08036,0.69637,-0.0184,0.28521,237.0,0.23108,0.0,0.00398,0.0,0.0,0.00797,0.75697,86.1178,87.27576,88.7523
985,Azhar Ali,LEG_SPIN,1.0,635,0.00787,0.0,IPL_Men,83.86314,3.13966,71.1576,109.674,82.2294,85.5513,382.0,0.0374,-0.00341,4.32539,0.31034,1.58185,-0.15874,0.65476,-0.15533,0.28052,382.0,0.12441,0.04567,0.01102,0.0,0.0,0.38268,0.43622,83.86314,86.51212,88.8083
987,Anwar Ali,unknown,0.0,722,0.01247,0.0,IPL_Men,128.94547,6.51148,110.5164,141.5016,127.0332,133.416,577.0,0.0505,-0.23252,7.56812,0.23316,1.73991,-0.04309,0.74262,0.18943,0.1505,575.0,0.37673,0.00277,0.31579,0.00139,0.02078,0.17867,0.10388,127.89232,129.09022,130.71243
988,Wahab Riaz,FAST_SEAM,0.0,5429,0.01639,0.01731,IPL_Men,139.08562,6.07051,79.0164,156.942,136.7136,142.7931,3790.0,0.0436,0.02742,8.18696,0.36196,2.42678,-0.054,0.92137,-0.08142,0.30628,3760.0,0.2529,0.00921,0.26303,0.00129,0.10886,0.28716,0.07755,138.77751,140.02761,139.2881
993,Suranga Lakmal,FAST_SEAM,1.0,10096,0.00693,0.00456,IPL_Men,131.67214,4.87827,72.7992,159.6708,129.204,134.6472,6888.0,0.037,-0.15468,7.37158,0.36883,1.78324,-0.07364,0.84555,0.08104,0.26599,6869.0,0.4063,0.00456,0.17631,0.0003,0.03556,0.30884,0.06815,131.34837,131.91888,132.21273
997,Megan Schutt,FAST_SEAM,1.0,520,0.025,0.00385,IPL_Men,99.20736,4.80242,81.2844,111.5244,96.21,102.474,497.0,0.0484,-0.38333,5.59844,0.27633,1.84052,-0.13952,0.60974,0.24381,0.19753,496.0,0.43462,0.03654,0.08077,0.0,0.00192,0.03846,0.40769,98.05208,99.31029,100.58669
998,Elyse Villani,FAST_SEAM,1.0,36,0.11111,0.0,IPL_Men,91.04431,3.8899,82.0728,96.444,88.6464,94.4892,35.0,0.0427,-0.33656,5.74924,0.35656,2.36204,-0.29835,0.60415,0.03821,0.22946,34.0,0.41667,0.02778,0.13889,0.0,0.0,0.05556,0.36111,91.04431,134.49967,135.56306
999,Georgia Elwiss,MEDIUM_SEAM,1.0,86,0.02326,0.0,IPL_Men,99.16325,3.71815,89.6652,105.8616,97.236,101.5839,78.0,0.0375,-0.09631,5.78319,0.35898,1.92743,-0.05205,0.61579,0.04425,0.20798,75.0,0.43023,0.01163,0.11628,0.0,0.0,0.06977,0.37209,98.74649,100.5111,100.8672
1005,Lea Tahuhu,FAST_SEAM,1.0,123,0.07317,0.0,IPL_Men,111.93096,4.43422,99.594,119.6928,109.3167,115.3431,104.0,0.0396,-0.21314,7.53125,0.29462,2.63216,-0.22303,0.781,-0.00989,0.19044,101.0,0.34146,0.02439,0.30081,0.00813,0.05691,0.14634,0.12195,108.91565,112.6274,113.02866
1006,Diana Baig,MEDIUM_SEAM,1.0,60,0.0,0.0,IPL_Men,99.45812,2.64713,92.8548,105.7212,98.0694,100.926,55.0,0.0266,-0.1676,5.2689,0.32615,2.05147,-0.11746,0.55431,0.05013,0.13836,52.0,0.48333,0.11667,0.03333,0.0,0.0,0.08333,0.28333,99.62546,99.00262,100.07532
1015,Oshadi Ranasinghe,MEDIUM_SEAM,1.0,18,0.0,0.0,IPL_Men,76.19591,2.04587,70.5456,78.9876,75.0024,77.2092,17.0,0.0269,-0.04282,4.927,0.45401,1.75856,-0.01153,0.56965,0.03129,0.12166,17.0,0.27778,0.05556,0.0,0.0,0.0,0.05556,0.61111,76.19591,127.43109,130.39351
1017,Kyshona Knight,MEDIUM_SEAM,1.0,19,0.05263,0.0,IPL_Men,94.40842,8.65943,78.1164,103.788,89.2206,101.0727,16.0,0.0917,-0.09438,5.35381,0.42201,2.98283,-0.02062,0.50169,0.07375,0.12624,16.0,0.26316,0.21053,0.15789,0.0,0.0,0.15789,0.21053,94.40842,127.43109,130.39351
1020,Travis Head,OFF_SPIN,1.0,850,0.01176,0.0,IPL_Men,87.22354,4.28216,73.4112,102.6,84.7548,89.46,433.0,0.0491,-0.06377,4.59086,0.31074,1.37911,0.009,0.62432,0.07276,0.24675,433.0,0.12588,0.01529,0.00706,0.0,0.0,0.47765,0.37412,86.97862,88.39262,88.28374
1023,Grant Elliott,unknown,0.0,617,0.01783,0.0,IPL_Men,113.94971,7.60373,83.52,127.9944,109.6101,120.4317,208.0,0.0667,-0.04546,6.67505,0.34855,2.10501,-0.10103,0.76146,-0.05557,0.26698,208.0,0.17504,0.01135,0.07455,0.00162,0.0081,0.65478,0.07455,113.94971,121.7758,129.56412
1065,Sushree Dibyadarshini,OFF_SPIN,1.0,24,0.0,0.0,IPL_Men,70.07021,3.52985,65.6964,78.0084,67.6062,72.0414,19.0,0.0504,-0.13463,4.93695,0.55664,1.02111,-0.05105,0.54037,0.08358,0.16813,19.0,0.25,0.0,0.0,0.0,0.0,0.08333,0.66667,67.7838,71.12548,88.28374
1074,Tino Best,unknown,0.0,481,0.05405,0.00832,IPL_Men,143.18662,5.48794,116.9424,151.9596,140.4,146.9664,411.0,0.0383,-0.31378,7.57326,0.24578,2.62912,-0.00304,0.94495,0.31073,0.19129,403.0,0.26819,0.02495,0.33472,0.0,0.07484,0.13929,0.158,142.23786,144.03973,144.45077
1075,Jason Holder,MEDIUM_SEAM,1.0,10154,0.01408,0.00571,IPL_Men,129.07837,4.74066,63.8892,150.3144,126.72,132.0156,8295.0,0.0367,-0.24523,7.03095,0.36487,2.06891,-0.04298,0.92836,0.20224,0.27808,8237.0,0.41727,0.01182,0.2075,0.0002,0.03398,0.17304,0.15619,128.44239,129.8002,130.15835
1078,Ehsan Adil,unknown,0.0,152,0.01316,0.0,IPL_Men,136.66923,3.66354,117.1584,143.0532,135.2673,138.2958,74.0,0.0268,-0.03589,7.43388,0.26168,1.51613,0.15841,0.84041,0.1943,0.16696,73.0,0.24342,0.0,0.18421,0.0,0.00658,0.51974,0.04605,136.00423,136.5456,137.8427
1080,Rahat Ali,unknown,0.0,552,0.03442,0.00362,IPL_Men,135.43794,4.99875,118.6056,146.0628,133.4331,138.6774,506.0,0.0369,0.1847,7.95759,0.24671,1.97412,-0.01618,0.96109,-0.20088,0.1993,505.0,0.37862,0.00181,0.3913,0.00362,0.06159,0.07971,0.08333,134.65065,136.57057,135.52464
1083,Vijay Shankar,MEDIUM_SEAM,1.0,472,0.04449,0.01059,IPL_Men,124.43292,7.71995,92.0448,139.7304,122.4234,128.7342,375.0,0.062,-0.14694,6.91963,0.43107,2.37393,-0.06145,0.71282,0.0855,0.27729,366.0,0.3072,0.02966,0.24576,0.0,0.02331,0.21398,0.18008,125.86952,123.72742,129.08417
1086,Siddarth Kaul,MEDIUM_SEAM,1.0,1329,0.01806,0.00451,IPL_Men,130.67838,8.26803,100.0404,147.7224,126.7137,136.5021,1234.0,0.0633,-0.26965,7.30387,0.28709,2.68656,-0.05115,0.79296,0.2185,0.21145,1178.0,0.33032,0.0474,0.31828,0.00226,0.07073,0.08352,0.14748,129.84104,130.87746,131.88885
1087,Jalaj Saxena,OFF_SPIN,1.0,18,0.0,0.0,IPL_Men,90.6098,3.53381,82.9728,97.0308,88.3305,92.8503,18.0,0.039,0.06094,4.82676,0.33106,1.90976,0.18882,0.60947,0.12788,0.23607,17.0,0.44444,0.11111,0.0,0.0,0.0,0.05556,0.38889,85.67964,90.9864,89.8566
1088,Rishi Dhawan,SEAM,0.0,637,0.04082,0.00471,IPL_Men,122.75802,8.91071,92.6856,139.3596,117.3312,129.3228,601.0,0.0726,-0.17058,6.57536,0.29845,2.25802,0.0411,0.73044,0.21169,0.2098,597.0,0.46625,0.05024,0.21821,0.00157,0.01727,0.03611,0.21036,120.8439,123.23957,129.1086
1090,Ishwar Pandey,SEAM,1.0,469,0.01066,0.00426,IPL_Men,131.53616,5.69732,93.42,139.8996,129.9528,134.8821,452.0,0.0433,-0.26019,7.39853,0.25178,2.37459,-0.1792,0.84846,0.08098,0.2115,437.0,0.32409,0.04691,0.45629,0.0,0.01493,0.03838,0.1194,131.1264,130.30604,132.50326
1091,Harmeet Singh,SEAM,0.0,25,0.04,0.0,IPL_Men,82.37003,2.86172,77.4252,87.0624,80.316,84.654,23.0,0.0347,-0.1933,5.05422,0.16991,0.83137,-0.12709,0.64583,0.06622,0.19847,23.0,0.24,0.0,0.0,0.0,0.0,0.08,0.68,124.25422,82.62425,82.137
1092,Sandeep Warrier,MEDIUM_SEAM,1.0,106,0.0283,0.00943,IPL_Men,135.97303,5.55223,124.1928,147.762,132.5016,140.0616,101.0,0.0408,-0.30465,7.25205,0.3239,2.14865,-0.07814,0.81892,0.22651,0.21358,98.0,0.35849,0.01887,0.40566,0.0,0.00943,0.03774,0.16981,124.38227,134.7036,136.3687
1093,Parveez Rasool,SEAM,0.0,255,0.01176,0.0,IPL_Men,92.41713,6.23115,77.6016,108.09,87.3216,96.8202,195.0,0.0674,0.01016,5.35023,0.25448,1.3057,-0.01774,0.60843,-0.0279,0.24428,195.0,0.35686,0.01176,0.00784,0.0,0.0,0.21961,0.40392,90.9438,93.07456,90.81155
1094,Natsai Mushangwe,unknown,0.0,183,0.01639,0.0,IPL_Men,83.11282,4.07865,69.3612,92.88,79.9767,86.0859,114.0,0.0491,0.10951,4.34297,0.30459,1.19867,0.03405,0.71999,-0.07546,0.22432,114.0,0.08743,0.02732,0.0,0.0,0.0,0.28415,0.60109,83.2931,80.72415,129.56412
1097,Tendai Chatara,FAST_SEAM,1.0,3631,0.019,0.00468,IPL_Men,128.85004,5.58125,104.2524,144.5652,125.1936,132.5376,1365.0,0.0433,-0.23702,7.05483,0.36156,1.85353,0.06046,0.84105,0.29749,0.27997,1363.0,0.22253,0.00193,0.07822,0.0,0.01708,0.61498,0.06527,127.40242,129.91126,130.13684
1098,Chamu Chibhabha,MEDIUM_SEAM,1.0,941,0.00956,0.00531,IPL_Men,120.60235,6.69027,89.28,132.4296,119.7684,123.9156,153.0,0.0555,-0.28282,7.65315,0.18485,1.7084,-0.09464,0.78336,0.18818,0.16369,153.0,0.0712,0.00106,0.07226,0.0,0.00319,0.83209,0.02019,118.60916,122.8447,130.39351
1100,Tinotenda Mutombodzi,LEG_SPIN,1.0,285,0.02807,0.00351,IPL_Men,84.972,2.00491,81.0,89.64,83.52,86.49,60.0,0.0236,0.15162,4.27627,0.16978,1.32783,0.06963,0.71707,-0.08198,0.18321,60.0,0.02807,0.01404,0.0,0.0,0.0,0.78947,0.16842,85.08,84.54,88.8083
1101,Timycen Maruma,LEG_SPIN,1.0,18,0.0,0.0,IPL_Men,84.972,4.40062,72.4644,99.936,82.0953,87.7014,211.0,0.0503,-0.08933,4.6966,0.25709,1.39268,-0.09994,0.65327,-0.02183,0.21974,208.0,0.0,0.0,0.0,0.0,0.0,1.0,0.0,84.76393,86.51212,88.8083
1102,Sean Williams,ORTHODOX,0.0,3045,0.01117,0.00099,IPL_Men,85.63281,4.55539,72.9036,107.9604,82.8756,88.2459,1322.0,0.0532,-0.00549,4.7631,0.32452,1.18734,-0.00145,0.67243,0.00404,0.24058,1321.0,0.11494,0.00558,0.00164,0.0,0.0,0.55337,0.32447,85.5289,86.8325,82.962
1103,Veerasammy Permaul,unknown,0.0,172,0.02326,0.0,IPL_Men,87.13143,4.68542,74.7432,95.4216,83.9052,90.7758,167.0,0.0538,0.09794,4.60756,0.32379,1.05549,-0.09409,0.66086,-0.19203,0.21489,167.0,0.1686,0.02326,0.0,0.0,0.0,0.02326,0.78488,86.74579,90.13528,129.56412
1105,Kyle Abbott,SEAM,0.0,1255,0.02311,0.00398,IPL_Men,134.46252,5.4079,83.844,147.9888,132.8454,137.466,1024.0,0.0402,-0.27272,7.53393,0.28157,2.17663,-0.04968,0.9041,0.22304,0.19956,1016.0,0.40876,0.01594,0.2494,0.0008,0.05896,0.17052,0.09562,133.01574,135.08739,135.85368
1106,Ankit Rajpoot,SEAM,0.0,567,0.04938,0.01764,IPL_Men,133.42432,7.83803,97.2,146.9196,131.364,138.6,543.0,0.0587,-0.29602,7.29225,0.29745,2.53591,-0.11495,0.84525,0.18107,0.22544,523.0,0.39506,0.05467,0.33157,0.00529,0.04056,0.0582,0.11464,130.46741,134.13862,134.2393
1107,Mohit Sharma,SEAM,0.0,2734,0.01939,0.00402,IPL_Men,129.70851,10.51893,75.5424,146.6424,129.4812,135.936,2381.0,0.0811,-0.14907,7.69261,0.34006,2.53703,-0.08234,0.83333,0.06673,0.22885,2343.0,0.32846,0.02634,0.33102,0.00914,0.06876,0.12253,0.11375,126.71893,130.37857,132.68579
1111,Aniket Choudhary,SEAM,0.0,108,0.05556,0.00926,IPL_Men,133.16996,6.61583,114.138,142.8696,131.4144,137.5074,107.0,0.0497,0.18248,8.03427,0.3448,2.74957,0.0084,0.94425,-0.17408,0.23479,106.0,0.2963,0.02778,0.38889,0.0,0.14815,0.00926,0.12963,129.02662,134.28448,135.75084
1112,Sandeep Sharma,MEDIUM_SEAM,1.0,2273,0.02948,0.00352,IPL_Men,126.31422,7.48423,88.6716,145.5336,124.1712,130.9068,2154.0,0.0593,-0.16254,6.9708,0.3167,2.56041,-0.03826,0.70737,0.12427,0.22777,2103.0,0.41223,0.05719,0.29212,0.00924,0.03476,0.04619,0.14826,124.67408,123.94576,127.87501
1113,Axar Patel,ORTHODOX,0.0,4732,0.0112,0.0,IPL_Men,93.01997,5.687,72.3672,142.1028,89.4078,96.1902,4235.0,0.0611,-0.13454,5.31775,0.27044,1.15223,-0.00328,0.68403,0.13126,0.20908,4231.0,0.38757,0.00528,0.01014,0.0,0.00021,0.07143,0.52536,92.02994,93.99376,93.68721
1114,Pravin Tambe,LEG_SPIN,1.0,674,0.02077,0.0,IPL_Men,88.06836,5.24836,69.192,107.7912,86.2533,90.7839,626.0,0.0596,-0.0578,4.6966,0.23703,1.53186,0.0106,0.56886,0.0684,0.18535,621.0,0.26409,0.02967,0.01929,0.0,0.0,0.02819,0.65875,89.23144,87.58723,89.20396
1115,Sachin Baby,SEAM,1.0,10,0.0,0.0,IPL_Men,90.45972,5.8824,82.7748,99.8352,86.8626,93.5919,10.0,0.065,-0.3675,6.6965,0.37216,0.98905,-0.089,0.6279,0.2785,0.20663,10.0,0.9,0.0,0.1,0.0,0.0,0.0,0.0,95.6223,87.018,128.92869
1117,Hanuma Vihari,OFF_SPIN,1.0,271,0.00738,0.00738,IPL_Men,88.08466,3.19981,77.328,94.9176,86.22,90.2376,125.0,0.0363,0.17543,4.3592,0.34875,1.41197,0.09658,0.58914,-0.07885,0.19067,125.0,0.10332,0.0369,0.00369,0.0,0.0,0.50923,0.34686,87.94889,89.12179,87.63628
1118,Karn Sharma,LEG_SPIN,1.0,1532,0.0111,0.0,IPL_Men,86.19626,5.06096,69.876,136.3788,83.4984,88.3134,1463.0,0.0587,-0.03265,4.75828,0.24784,1.2326,-0.09147,0.70243,-0.05882,0.23153,1454.0,0.26567,0.01958,0.00196,0.0,0.0,0.0359,0.67689,85.15765,86.51212,87.50929
1124,Jasprit Bumrah,FAST_SEAM,1.0,7387,0.01557,0.00704,IPL_Men,135.79778,7.99036,94.7484,150.4152,134.0046,140.6358,5815.0,0.0588,-0.33365,7.21073,0.33801,2.38498,-0.05448,0.83104,0.27917,0.27363,5589.0,0.3318,0.03249,0.24909,0.00041,0.04535,0.2281,0.11277,134.95292,136.01034,137.32109
1126,Michael Chinouya,unknown,0.0,68,0.02941,0.0,IPL_Men,93.14175,4.71673,82.7676,124.2612,90.5796,97.596,105.0,0.0434,-0.12505,5.4521,0.25363,1.58025,-0.04709,0.70603,0.09138,0.20212,105.0,0.0,0.0,0.0,0.0,0.0,1.0,0.0,90.39757,121.7758,129.56412
1127,Shingi Masakadza,unknown,0.0,172,0.05814,0.0,IPL_Men,130.05263,6.50194,100.2708,135.5688,129.726,133.038,37.0,0.05,-0.31658,7.99203,0.19725,2.48219,-0.24939,0.97683,0.06719,0.21376,36.0,0.09884,0.0,0.0814,0.00581,0.01744,0.76744,0.02907,127.308,121.7758,132.6528
1129,Sikandar Raza,OFF_SPIN,1.0,3448,0.01247,0.00029,IPL_Men,82.58179,5.52005,65.7144,105.2424,78.8886,85.4703,1802.0,0.0668,0.00457,4.57989,0.29375,1.21399,0.05845,0.63111,0.05388,0.19893,1797.0,0.10818,0.01102,0.0029,0.0,0.0,0.46346,0.41444,82.8418,80.75864,82.25779
1130,Mominul Haque,ORTHODOX,0.0,447,0.0,0.0,IPL_Men,81.40079,3.26853,72.1584,94.644,79.434,83.3742,200.0,0.0402,-0.27909,4.80404,0.18084,1.30961,-0.23218,0.58137,0.04691,0.11952,200.0,0.14318,0.01119,0.00224,0.0,0.0,0.54586,0.29754,81.34525,85.0476,86.95849
1131,Robiul Islam,unknown,0.0,32,0.03125,0.0,IPL_Men,93.14175,4.71673,82.7676,124.2612,90.5796,97.596,105.0,0.0434,-0.12505,5.4521,0.25363,1.58025,-0.04709,0.70603,0.09138,0.20212,105.0,0.0,0.0,0.0,0.0,0.0,1.0,0.0,90.39757,121.7758,129.56412
1133,Shamsur Rahman,unknown,0.0,6,0.0,0.0,IPL_Men,84.0948,1.74796,82.0188,86.76,82.8693,84.9924,6.0,0.0208,-0.2265,5.17183,0.19837,0.79831,-0.25033,0.68383,-0.02383,0.25739,6.0,0.33333,0.0,0.0,0.0,0.0,0.0,0.66667,84.0948,121.7758,129.56412
1134,Sohag Gazi,unknown,0.0,449,0.01336,0.0,IPL_Men,84.47587,3.28089,75.6468,97.7004,82.6659,86.3793,160.0,0.0388,-0.103,5.06183,0.29817,1.15063,0.01749,0.6412,0.12049,0.26134,160.0,0.13808,0.0,0.00223,0.0,0.0,0.62138,0.23831,84.56012,82.03582,86.38857
1135,Rubel Hossain,FAST_SEAM,1.0,3213,0.01463,0.00436,IPL_Men,134.91536,5.87905,81.864,148.9392,132.7239,138.6018,1884.0,0.0436,-0.32763,8.02479,0.2409,2.21769,-0.10369,0.85932,0.22394,0.19417,1875.0,0.22658,0.00498,0.25833,0.00218,0.05509,0.38718,0.06567,134.5082,135.89442,135.61905
1136,Tinashe Panyangara,unknown,0.0,1497,0.01937,0.00668,IPL_Men,127.04431,5.30601,101.9916,140.2308,125.1954,130.1607,328.0,0.0418,-0.21721,7.05436,0.30278,1.78501,0.02679,0.80725,0.244,0.22383,327.0,0.14028,0.002,0.04676,0.0,0.00735,0.77221,0.0314,123.86697,126.94239,128.5668
1137,Andrew Ellis,unknown,0.0,46,0.06522,0.02174,IPL_Men,93.14175,4.71673,82.7676,124.2612,90.5796,97.596,105.0,0.0434,-0.12505,5.4521,0.25363,1.58025,-0.04709,0.70603,0.09138,0.20212,105.0,0.0,0.0,0.0,0.0,0.0,1.0,0.0,90.39757,121.7758,129.56412
1141,Kyle Coetzer,MEDIUM_SEAM,1.0,42,0.0,0.0,IPL_Men,109.88412,8.07048,96.7176,120.4632,101.3328,115.2792,41.0,0.0734,-0.18607,6.54634,0.3077,1.92344,0.03961,0.75563,0.22568,0.20535,41.0,0.42857,0.0,0.21429,0.0,0.0,0.0,0.35714,109.88412,127.43109,130.39351
1143,Richie Berrington,MEDIUM_SEAM,1.0,260,0.01538,0.0,IPL_Men,118.64563,5.62928,107.8416,131.9472,113.877,122.9184,159.0,0.0474,-0.16568,6.32831,0.33026,2.00137,-0.05988,0.71184,0.1058,0.20306,158.0,0.27692,0.01923,0.11923,0.0,0.00385,0.38077,0.2,118.67586,118.2753,130.39351
1146,Josh Davey,MEDIUM_SEAM,1.0,313,0.0639,0.0,IPL_Men,123.96645,4.70527,105.0012,133.2504,122.805,126.6579,258.0,0.038,-0.18584,7.07116,0.2907,2.10741,-0.01581,0.82424,0.17002,0.19184,257.0,0.45687,0.01597,0.18211,0.0,0.04473,0.15974,0.14058,122.5604,124.92458,125.2308
1148,Majid Haq,unknown,0.0,153,0.00654,0.01307,IPL_Men,75.52907,4.19561,64.5264,87.606,73.0908,77.8212,151.0,0.0555,-0.06659,4.6776,0.29295,0.98102,0.05088,0.71442,0.11747,0.20779,151.0,0.23529,0.0,0.0,0.0,0.0,0.0,0.76471,75.94634,73.77368,129.56412
1150,Matt Machan,unknown,0.0,67,0.01493,0.0,IPL_Men,89.60583,5.05378,79.6428,98.7948,85.4622,93.69,67.0,0.0564,0.15265,5.27924,0.26206,1.31541,-0.04435,0.69489,-0.197,0.21754,66.0,0.43284,0.01493,0.01493,0.0,0.0,0.01493,0.52239,89.56647,90.006,129.56412
1152,Rob Taylor,unknown,0.0,98,0.02041,0.0,IPL_Men,128.05659,2.88026,116.3412,133.9668,126.9288,129.4182,95.0,0.0225,0.09449,6.62899,0.23684,1.71154,-0.18668,0.81107,-0.28117,0.16549,94.0,0.64286,0.04082,0.14286,0.0,0.0,0.04082,0.13265,124.4106,127.88816,128.8098
1153,Dilhara Lokuhettige,unknown,0.0,51,0.01961,0.03922,IPL_Men,124.6109,3.71974,105.966,130.0428,123.669,126.4536,50.0,0.0299,-0.38206,7.44737,0.23827,1.86237,-0.12884,0.9188,0.25322,0.20416,49.0,0.45098,0.0,0.37255,0.0,0.01961,0.03922,0.11765,124.43026,123.4002,126.07588
1154,Ben Stokes,FAST_SEAM,1.0,8718,0.01583,0.00516,IPL_Men,134.64508,6.67939,36.144,150.0984,132.2856,138.636,7789.0,0.0496,-0.29765,7.43831,0.35586,2.44372,-0.09099,0.88004,0.20666,0.28184,7712.0,0.36832,0.01835,0.28,0.00092,0.08385,0.07811,0.17045,134.67341,134.63155,133.61286
1156,Calum MacLeod,MEDIUM_SEAM,1.0,142,0.02113,0.0,IPL_Men,125.53649,5.94583,95.0076,138.3156,122.4234,130.4874,155.0,0.0487,-0.20067,7.09016,0.31074,2.10741,-0.05226,0.78551,0.15745,0.21767,155.0,0.0,0.0,0.0,0.0,0.0,1.0,0.0,124.38227,127.43109,130.39351
1157,Collins Obuya,unknown,0.0,68,0.04412,0.01471,IPL_Men,82.81242,5.45077,72.5868,99.5796,79.7616,85.6512,51.0,0.0658,-0.06318,4.10686,0.26722,2.14521,-0.09214,0.65345,-0.02896,0.12544,51.0,0.20588,0.13235,0.02941,0.0,0.0,0.05882,0.57353,82.81242,121.7758,129.56412
1163,Nehemiah Odhiambo,unknown,0.0,177,0.02825,0.0226,IPL_Men,130.89528,8.204,83.6892,147.078,128.88,135.5004,155.0,0.0627,-0.33093,7.91748,0.19391,2.26098,-0.11104,0.79384,0.21989,0.13165,152.0,0.38983,0.0339,0.44633,0.0,0.03955,0.01695,0.07345,129.91112,131.4106,131.23767
1164,James Ngoche,unknown,0.0,149,0.02013,0.0,IPL_Men,88.67624,5.54279,75.3372,104.238,84.447,91.7271,128.0,0.0625,-0.33798,5.25534,0.20412,1.18858,-0.02438,0.68335,0.31361,0.1931,122.0,0.42953,0.04027,0.0,0.0,0.0,0.00671,0.52349,89.07674,83.3808,129.56412
1166,Elijah Otieno,unknown,0.0,197,0.01015,0.01523,IPL_Men,130.2974,5.81606,101.2752,141.75,126.9756,134.4627,162.0,0.0446,-0.37578,7.54181,0.25363,2.08154,-0.06424,0.75026,0.31154,0.21934,162.0,0.40102,0.01015,0.36041,0.00508,0.05076,0.03046,0.14213,127.86079,132.31116,128.60538
1168,Shem Ngoche,unknown,0.0,79,0.01266,0.0,IPL_Men,88.67016,3.85884,80.3448,99.0648,85.923,91.3923,60.0,0.0435,-0.05348,4.82313,0.29232,1.60008,-0.13278,0.69577,-0.0793,0.28717,60.0,0.27848,0.01266,0.03797,0.0,0.0,0.02532,0.64557,88.389,90.4977,129.56412
1170,Peter Borren,unknown,0.0,175,0.00571,0.0,IPL_Men,114.13284,7.6519,91.5876,125.2836,107.5536,120.294,90.0,0.067,0.07754,6.68266,0.33109,1.75598,0.27429,0.60029,0.19675,0.27539,89.0,0.28,0.0,0.13143,0.0,0.00571,0.42286,0.16,114.19276,113.80757,129.56412
1172,Mudassar Bukhari,unknown,0.0,308,0.01623,0.0,IPL_Men,125.86939,5.04559,109.1808,139.5036,122.1804,129.3084,217.0,0.0401,-0.13252,7.70182,0.2242,1.77852,0.1049,0.7353,0.23742,0.17943,215.0,0.25974,0.00325,0.3961,0.0,0.00974,0.22403,0.10714,122.57162,124.90431,128.42147
1173,Daan van Bunge,unknown,0.0,12,0.0,0.0,IPL_Men,93.14175,4.71673,82.7676,124.2612,90.5796,97.596,105.0,0.0434,-0.12505,5.4521,0.25363,1.58025,-0.04709,0.70603,0.09138,0.20212,105.0,0.0,0.0,0.0,0.0,0.0,1.0,0.0,90.39757,121.7758,129.56412
1176,Ahsan Malik,unknown,0.0,48,0.0,0.0,IPL_Men,93.14175,4.71673,82.7676,124.2612,90.5796,97.596,105.0,0.0434,-0.12505,5.4521,0.25363,1.58025,-0.04709,0.70603,0.09138,0.20212,105.0,0.0,0.0,0.0,0.0,0.0,1.0,0.0,90.39757,121.7758,129.56412
1179,Michael Rippon,unknown,0.0,69,0.04348,0.0,IPL_Men,93.14175,4.71673,82.7676,124.2612,90.5796,97.596,105.0,0.0434,-0.12505,5.4521,0.25363,1.58025,-0.04709,0.70603,0.09138,0.20212,105.0,0.0,0.0,0.0,0.0,0.0,1.0,0.0,90.39757,121.7758,129.56412
1180,Pieter Seelaar,unknown,0.0,282,0.00355,0.0,IPL_Men,83.41193,5.61471,71.6436,102.24,78.8724,87.462,242.0,0.0673,0.12041,4.55639,0.362,1.59993,0.10254,0.57943,-0.01788,0.22582,237.0,0.23759,0.05319,0.01418,0.0,0.0,0.0461,0.64894,83.02636,84.72286,129.56412
1181,Michael Swart,unknown,0.0,64,0.0,0.0,IPL_Men,93.14175,4.71673,82.7676,124.2612,90.5796,97.596,105.0,0.0434,-0.12505,5.4521,0.25363,1.58025,-0.04709,0.70603,0.09138,0.20212,105.0,0.0,0.0,0.0,0.0,0.0,1.0,0.0,90.39757,121.7758,129.56412
1182,John Mooney,unknown,0.0,492,0.02642,0.0,IPL_Men,125.67594,5.13615,105.174,136.7892,123.8724,128.8881,366.0,0.0409,-0.33984,6.97981,0.39199,2.23406,-0.11259,0.75684,0.22725,0.29468,364.0,0.32724,0.02236,0.2439,0.0,0.01829,0.22358,0.16463,124.1986,126.08436,127.00467
1185,Alasdair Evans,MEDIUM_SEAM,1.0,461,0.02386,0.0,IPL_Men,130.38331,5.89859,90.2988,139.3128,128.0628,133.9056,217.0,0.0452,-0.19817,7.39082,0.35202,2.23932,-0.0579,0.87405,0.14027,0.25068,213.0,0.21692,0.00651,0.14317,0.00434,0.01952,0.53362,0.07592,129.8788,130.71511,131.84836
1200,Edgar Schiferli,unknown,0.0,72,0.0,0.0,IPL_Men,93.14175,4.71673,82.7676,124.2612,90.5796,97.596,105.0,0.0434,-0.12505,5.4521,0.25363,1.58025,-0.04709,0.70603,0.09138,0.20212,105.0,0.0,0.0,0.0,0.0,0.0,1.0,0.0,90.39757,121.7758,129.56412
1202,Hammad Azam,unknown,0.0,49,0.02041,0.0,IPL_Men,93.14175,4.71673,82.7676,124.2612,90.5796,97.596,105.0,0.0434,-0.12505,5.4521,0.25363,1.58025,-0.04709,0.70603,0.09138,0.20212,105.0,0.0,0.0,0.0,0.0,0.0,1.0,0.0,90.39757,121.7758,129.56412
1203,Chaturanga de Silva,unknown,0.0,284,0.00704,0.0,IPL_Men,87.49263,3.02789,78.2028,99.3204,85.6368,89.4546,267.0,0.0346,-0.15186,4.59379,0.17383,1.17444,-0.02334,0.62598,0.12852,0.16024,265.0,0.2007,0.01761,0.0,0.0,0.0,0.04577,0.73592,87.49223,87.49433,129.56412
1205,Khurram Khan,unknown,0.0,30,0.0,0.0,IPL_Men,85.87656,2.67009,81.198,91.4292,83.9304,86.9868,25.0,0.0311,0.1096,5.15368,0.29304,1.22912,0.13712,0.66696,0.02752,0.22738,25.0,0.36667,0.0,0.0,0.0,0.0,0.13333,0.5,85.87656,121.7758,129.56412
1207,Amjad Javed,unknown,0.0,289,0.04498,0.0,IPL_Men,126.70397,4.52154,94.4964,134.9748,124.6896,129.5568,197.0,0.0357,-0.01095,6.84686,0.35225,2.00873,0.05498,0.81922,0.06593,0.25576,195.0,0.391,0.00346,0.11765,0.0,0.02768,0.30796,0.15225,126.77847,126.55739,126.753
1212,Mohammad Naveed,MEDIUM_SEAM,1.0,471,0.02123,0.00849,IPL_Men,135.32939,3.78013,109.6452,143.0388,133.785,137.6964,223.0,0.0279,-0.27663,7.44217,0.29429,1.95818,-0.02499,0.89288,0.25164,0.19954,220.0,0.20594,0.00425,0.18259,0.0,0.00849,0.52866,0.07006,132.93307,136.13396,135.46803
1213,Nasir Aziz,unknown,0.0,91,0.0,0.0,IPL_Men,83.4909,4.93037,72.5076,102.1824,80.0964,86.112,85.0,0.0591,-0.09207,4.65392,0.28718,1.11429,-0.00906,0.60419,0.08301,0.20062,85.0,0.25275,0.0,0.0,0.0,0.0,0.0,0.74725,83.40766,85.8642,81.1674
1215,Rohan Mustafa,OFF_SPIN,1.0,340,0.00588,0.0,IPL_Men,94.38537,5.90152,86.3748,107.2836,89.9001,97.6041,44.0,0.0625,-0.14541,4.811,0.18567,1.59755,0.0635,0.66427,0.20891,0.17265,44.0,0.05294,0.01176,0.0,0.0,0.0,0.86765,0.06765,94.38537,86.56654,88.28374
1216,Shaiman Anwar,LEG_SPIN,1.0,76,0.0,0.0,IPL_Men,83.2518,4.99698,79.7184,86.7852,81.4851,85.0185,2.0,0.06,-0.217,5.875,0.07071,2.9854,0.3115,0.7455,0.5285,0.29911,2.0,0.01316,0.0,0.0,0.0,0.0,0.96053,0.02632,83.2518,86.51212,88.8083
1233,Jimmy Hansra,unknown,0.0,115,0.0087,0.0,IPL_Men,89.60299,6.02998,79.0308,113.4864,86.4216,93.15,89.0,0.0673,-0.20559,4.67191,0.32203,1.94868,-0.13436,0.64465,0.07122,0.2188,85.0,0.25217,0.06957,0.0,0.0087,0.0,0.07826,0.5913,89.42963,90.20106,129.56412
1235,Harvir Baidwan,unknown,0.0,266,0.01128,0.0,IPL_Men,125.3459,7.08063,83.5308,137.7432,123.6888,129.3012,229.0,0.0565,-0.19024,7.40999,0.20754,2.11096,-0.06374,0.78695,0.1265,0.26714,221.0,0.48496,0.01128,0.28571,0.00376,0.04887,0.04135,0.12406,122.7428,126.1267,129.63728
1237,Parth Desai,unknown,0.0,18,0.0,0.0,IPL_Men,78.8172,3.38831,73.2924,85.086,76.0761,81.441,12.0,0.043,-0.12927,5.28418,0.15491,0.53657,-0.13027,0.59745,-0.001,0.1006,11.0,0.33333,0.0,0.0,0.0,0.0,0.0,0.66667,78.24731,85.086,129.56412
1242,Henry Osinde,unknown,0.0,218,0.05963,0.00459,IPL_Men,130.21158,4.66525,107.8416,139.2408,127.3536,133.722,189.0,0.0358,-0.36547,7.51266,0.19923,2.23029,-0.35718,0.87129,0.00829,0.19824,187.0,0.39908,0.01376,0.38532,0.00917,0.02752,0.02752,0.13761,128.46967,130.27551,131.66231
1243,Hiral Patel,unknown,0.0,6,0.0,0.0,IPL_Men,87.96168,5.03821,79.1928,91.9008,88.7076,90.342,5.0,0.0573,-0.2348,5.01,0.15627,2.66836,-0.0576,0.5576,0.1772,0.1101,5.0,0.5,0.16667,0.0,0.0,0.0,0.0,0.33333,87.96168,121.7758,129.56412
1245,Rizwan Cheema,unknown,0.0,174,0.01724,0.0,IPL_Men,115.14839,5.63662,98.9496,135.2556,111.546,119.0304,149.0,0.049,-0.29238,6.23638,0.38696,1.93105,-0.17733,0.65694,0.11505,0.1758,144.0,0.56897,0.02874,0.12069,0.0,0.0,0.03448,0.24713,115.021,115.75108,129.56412
1250,Rahmat Shah,LEG_SPIN,1.0,335,0.02388,0.00299,IPL_Men,83.5322,3.6826,74.5704,93.078,82.5354,85.635,72.0,0.0441,-0.21019,4.58361,0.22917,1.56426,-0.25804,0.68921,-0.04785,0.16578,72.0,0.05672,0.00597,0.00597,0.0,0.0,0.78507,0.14627,83.27973,86.3094,88.8083
1251,Mirwais Ashraf,unknown,0.0,841,0.01308,0.0,IPL_Men,126.49779,3.78434,113.5476,139.2912,124.7652,128.7423,240.0,0.0299,-0.33795,6.88737,0.31177,1.49208,-0.04815,0.7042,0.2898,0.1539,238.0,0.1843,0.00238,0.06302,0.0,0.0,0.71463,0.03567,126.2146,127.29343,129.56412
1253,,unknown,0.0,121,0.00826,0.0,IPL_Men,83.68638,3.94708,76.9356,94.1328,80.766,85.9374,102.0,0.0472,-0.14961,5.03956,0.23236,1.10084,-0.1552,0.58319,-0.00559,0.17997,102.0,0.32231,0.00826,0.0,0.0,0.0,0.07438,0.59504,83.5676,85.08195,129.56412
1255,Chris Tremlett,unknown,0.0,72,0.01389,0.0,IPL_Men,133.8567,4.94776,111.24,142.2072,132.3792,136.791,67.0,0.037,-0.18688,7.76247,0.28206,2.30954,0.03092,0.89041,0.2178,0.23508,66.0,0.29167,0.0,0.41667,0.0,0.06944,0.01389,0.20833,132.9573,134.90194,134.898
1258,Ahmed Raza,ORTHODOX,0.0,218,0.02294,0.00459,IPL_Men,84.8975,4.39351,72.1584,100.4004,82.026,88.2459,370.0,0.0532,-0.07965,4.60936,0.27042,1.17074,-0.0592,0.64013,0.0094,0.19241,369.0,0.0,0.0,0.0,0.0,0.0,1.0,0.0,84.6049,86.35378,86.95849
1260,Sohaib Maqsood,unknown,0.0,55,0.01818,0.0,IPL_Men,89.87707,3.59338,82.134,96.8868,87.7509,92.2185,54.0,0.04,0.14546,5.11724,0.23709,1.68496,-0.00022,0.68565,-0.14569,0.1632,54.0,0.43636,0.03636,0.03636,0.0,0.0,0.0,0.49091,89.87707,121.7758,129.56412
1276,Hardus Viljoen,SEAM,0.0,146,0.05479,0.0,IPL_Men,134.77406,7.43199,114.8436,146.8764,128.5389,140.9868,138.0,0.0551,-0.25574,7.21086,0.39912,2.98439,-0.05302,0.81898,0.20272,0.30698,132.0,0.26712,0.0411,0.31507,0.0,0.08219,0.06164,0.23288,133.84102,135.58965,134.34543
1288,Joel Paris,unknown,0.0,92,0.02174,0.0,IPL_Men,133.21859,3.37534,118.2276,138.9492,131.4792,135.414,91.0,0.0253,0.15635,6.5138,0.24893,1.52297,-0.28238,0.90943,-0.43874,0.27524,91.0,0.56522,0.0,0.17391,0.0,0.0,0.01087,0.25,132.987,134.4108,132.56454
1293,Milinda Siriwardana,ORTHODOX,0.0,825,0.00606,0.0,IPL_Men,80.2957,4.48955,62.2188,103.3164,77.526,83.1132,627.0,0.0559,-0.09143,4.445,0.24924,1.23783,-0.13722,0.66159,-0.04578,0.20088,627.0,0.15879,0.01939,0.00364,0.0,0.0,0.22303,0.59515,80.48039,78.48391,86.95849
1295,Dhananjaya de Silva,OFF_SPIN,1.0,2207,0.00362,0.00136,IPL_Men,84.0091,5.41712,63.3888,102.6936,80.2728,87.3216,1641.0,0.0645,0.07252,4.61408,0.2693,1.13147,0.03903,0.64148,-0.03349,0.20503,1641.0,0.15315,0.00952,0.00136,0.0,0.0,0.23607,0.59991,83.55365,85.86095,86.88783
1299,Chris Jordan,FAST_SEAM,1.0,2825,0.03363,0.0046,IPL_Men,136.3344,6.839,76.194,148.4784,134.7732,139.9689,2724.0,0.0502,-0.27209,7.18744,0.32354,2.20393,-0.0436,0.84154,0.22849,0.25049,2681.0,0.44177,0.01487,0.28708,0.00071,0.04248,0.0354,0.1777,136.43889,136.03944,136.47499
1304,Ish Sodhi,LEG_SPIN,1.0,3589,0.0039,0.00028,IPL_Men,83.74325,4.11731,57.6612,128.4876,81.2448,85.9644,1641.0,0.0492,-0.07345,4.52628,0.2764,1.40491,-0.20292,0.66636,-0.12948,0.24664,1641.0,0.10281,0.01421,0.00557,0.0,0.0,0.52633,0.35107,83.60556,84.44771,83.3682
1305,Shan Masood,MEDIUM_SEAM,1.0,36,0.0,0.0,IPL_Men,114.6762,2.50996,110.952,117.0324,113.2416,116.7822,6.0,0.0219,0.1154,5.488,0.21138,1.48396,0.4736,0.6166,0.3582,0.10676,5.0,0.05556,0.0,0.0,0.0,0.0,0.86111,0.08333,114.6762,127.43109,130.39351
1306,Al-Amin Hossain,MEDIUM_SEAM,1.0,1343,0.01117,0.00149,IPL_Men,129.17701,4.18884,114.03,140.8644,127.0602,131.409,606.0,0.0324,-0.32026,7.3453,0.29856,1.84671,0.02347,0.80606,0.34373,0.25185,606.0,0.25242,0.00149,0.12435,0.00074,0.02159,0.53909,0.06031,127.73772,130.33186,131.24293
1307,Naeem Islam,unknown,0.0,195,0.02051,0.0,IPL_Men,83.28712,4.16026,72.0252,92.1384,80.7984,86.4216,125.0,0.05,0.04924,4.8006,0.25876,1.33448,0.02524,0.59824,-0.024,0.20834,121.0,0.24103,0.03077,0.0,0.0,0.0,0.13333,0.59487,81.83736,83.28007,85.61536
1308,Anton Devcich,unknown,0.0,323,0.03096,0.0031,IPL_Men,89.67613,5.04463,75.2076,100.5984,86.22,93.7152,137.0,0.0563,-0.24912,4.70262,0.28418,1.7815,0.00287,0.52718,0.25199,0.17455,136.0,0.14551,0.02786,0.00929,0.0,0.0,0.5418,0.27554,89.25081,91.58155,129.56412
1309,Sheldon Cottrell,FAST_SEAM,0.0,1290,0.03488,0.00233,IPL_Men,132.41539,7.27879,97.4124,148.77,129.7098,136.6416,1027.0,0.055,-0.01884,7.4336,0.32216,2.53527,-0.09877,0.87138,-0.07993,0.28059,1009.0,0.2845,0.0186,0.29147,0.0031,0.05271,0.20465,0.14496,130.42738,134.02217,133.90874
1351,Tanwir Afzal,unknown,0.0,49,0.02041,0.0,IPL_Men,117.153,4.71673,98.7336,127.7568,115.9587,119.4786,48.0,0.0403,-0.12758,6.83935,0.1965,1.20388,0.21817,0.66504,0.34575,0.15848,48.0,0.71429,0.0,0.14286,0.0,0.0,0.0,0.14286,108.4962,115.7346,118.8322
1354,Nadeem Ahmed,unknown,0.0,84,0.0,0.0,IPL_Men,89.75327,3.81143,82.1628,98.6904,87.3018,92.6667,82.0,0.0425,-0.12204,5.25501,0.2103,0.81324,0.00398,0.63998,0.12601,0.09969,82.0,0.36905,0.0,0.0119,0.0,0.0,0.0119,0.60714,89.93697,89.05087,129.56412
1360,Kinchit Shah,unknown,0.0,19,0.0,0.0,IPL_Men,87.6094,2.21054,82.9692,92.4984,86.2875,89.3151,18.0,0.0252,-0.003,4.95228,0.16983,0.99592,-0.20494,0.57294,-0.20194,0.07525,18.0,0.31579,0.0,0.0,0.0,0.0,0.05263,0.63158,87.6094,121.7758,129.56412
1361,Aizaz Khan,unknown,0.0,58,0.0,0.0,IPL_Men,124.91524,2.79096,113.778,130.5396,123.1632,126.4815,56.0,0.0223,-0.24845,7.79673,0.20443,1.76653,0.02021,0.78489,0.26866,0.16586,56.0,0.48276,0.0,0.36207,0.0,0.05172,0.01724,0.08621,123.95949,125.4887,129.56412
1362,Nizakat Khan,unknown,0.0,6,0.0,0.0,IPL_Men,86.31216,4.08459,82.7676,92.5704,82.998,87.9984,5.0,0.0473,-0.0422,4.9128,0.27927,1.91339,0.024,0.5664,0.0662,0.04916,5.0,0.16667,0.0,0.0,0.0,0.0,0.16667,0.66667,86.31216,121.7758,129.56412
1365,Andy McBrine,OFF_SPIN,1.0,1819,0.0077,0.0,IPL_Men,86.62014,4.21487,73.836,100.0332,83.9961,89.0676,442.0,0.0487,-0.19842,5.01189,0.28889,1.05112,-0.02264,0.66743,0.17577,0.26295,442.0,0.07587,0.0,0.0011,0.0,0.0,0.75371,0.16932,86.33281,87.6275,85.1559
1381,Steve Tikolo,unknown,0.0,88,0.0,0.01136,IPL_Men,82.64602,4.78748,72.684,92.9772,78.4242,86.3082,70.0,0.0579,-0.2648,4.67569,0.15536,1.14583,-0.08451,0.70603,0.18029,0.30502,70.0,0.21591,0.02273,0.01136,0.0,0.0,0.01136,0.73864,82.64602,121.7758,129.56412
1382,Thomas Odoyo,MEDIUM_SEAM,1.0,124,0.03226,0.0,IPL_Men,122.87272,6.21757,89.9568,133.0056,120.4011,126.5931,106.0,0.0506,-0.29517,7.54958,0.22295,1.8906,-0.11585,0.78339,0.17932,0.17901,106.0,0.54839,0.00806,0.30645,0.0,0.04032,0.01613,0.08065,116.154,123.96382,123.48401
1417,Safyaan Sharif,MEDIUM_SEAM,1.0,239,0.02929,0.01674,IPL_Men,126.91368,4.67086,116.604,134.1972,125.2818,130.3488,35.0,0.0368,-0.30054,6.66271,0.19982,1.88835,-0.08271,0.79609,0.21783,0.1149,35.0,0.07531,0.0,0.03347,0.0,0.0,0.85356,0.03766,124.38227,127.43109,129.91972
1418,Michael Leask,OFF_SPIN,1.0,216,0.01852,0.0,IPL_Men,86.50057,3.53362,80.9208,100.2132,83.8737,88.1532,62.0,0.0409,-0.11868,4.80955,0.31611,1.10079,0.05845,0.73469,0.17713,0.23635,62.0,0.08796,0.0,0.0,0.0,0.0,0.7037,0.20833,86.22213,87.55006,88.28374
1420,Manjula Guruge,unknown,0.0,156,0.01923,0.0,IPL_Men,120.62439,5.39994,100.9332,134.3772,118.3032,123.8256,138.0,0.0448,0.13184,7.10276,0.23098,1.26878,-0.1258,0.82607,-0.25764,0.18002,138.0,0.58974,0.0,0.19872,0.0,0.0,0.11538,0.09615,116.7792,119.78824,123.26312
1421,Kamran Shazad,unknown,0.0,31,0.0,0.03226,IPL_Men,131.1972,4.6998,114.9336,136.5984,128.2041,135.2862,30.0,0.0358,-0.1703,7.49163,0.22684,2.74002,0.09403,0.827,0.26433,0.18347,30.0,0.32258,0.06452,0.3871,0.0,0.09677,0.0,0.12903,90.39757,130.52312,132.36153
1455,Aftab Alam,MEDIUM_SEAM,1.0,615,0.02276,0.00163,IPL_Men,130.13107,5.37749,105.9156,138.9384,128.0844,133.5348,233.0,0.0413,-0.27539,7.6111,0.31518,2.48739,-0.04398,0.8083,0.23141,0.3124,228.0,0.13333,0.01301,0.15447,0.00325,0.02114,0.62276,0.05203,129.01846,131.95421,130.02942
1460,Kraigg Brathwaite,OFF_SPIN,1.0,1542,0.00065,0.0,IPL_Men,86.15095,8.16032,61.326,137.9844,81.0684,91.9413,1130.0,0.0947,-0.13619,4.64191,0.39479,1.17058,-0.08328,0.63654,0.05291,0.24385,1127.0,0.16342,0.01167,0.00454,0.0,0.0,0.22892,0.59144,86.1306,85.65019,94.5276
1461,Usman Shinwari,MEDIUM_SEAM,0.0,623,0.01766,0.00482,IPL_Men,136.86339,3.83187,126.8892,145.854,134.0784,139.6224,257.0,0.028,0.2659,7.61119,0.41089,1.95113,0.07026,0.76849,-0.19564,0.35581,257.0,0.18941,0.00161,0.14928,0.0,0.02247,0.58266,0.05457,135.97571,137.08104,137.89397
1463,Kithuruwan Vithanage,unknown,0.0,6,0.0,0.0,IPL_Men,81.9042,1.98557,78.8868,84.2832,81.0207,83.3319,6.0,0.0242,-0.2105,5.0385,0.34348,2.08531,-0.19233,0.54833,0.01817,0.26941,6.0,0.5,0.0,0.0,0.0,0.0,0.0,0.5,81.9042,121.7758,129.56412
1472,Solomon Mire,unknown,0.0,369,0.04607,0.00271,IPL_Men,128.63042,6.52309,107.7768,138.2292,125.6607,133.6122,146.0,0.0507,-0.21284,8.51079,0.2789,2.48781,0.01553,1.03865,0.22838,0.23253,146.0,0.11382,0.00542,0.17344,0.0,0.08401,0.57453,0.04878,127.65442,130.50432,129.56412
1475,Scott Boland,SEAM,0.0,583,0.01544,0.0,IPL_Men,133.7622,4.82825,107.4456,145.7244,131.8032,136.3788,490.0,0.0361,-0.30329,7.49017,0.31555,1.77885,-0.02663,0.89782,0.27666,0.23932,486.0,0.46655,0.00515,0.24185,0.0,0.04288,0.15266,0.09091,132.71542,135.1112,134.40232
1476,Daniel Worrall,unknown,0.0,144,0.02778,0.0,IPL_Men,134.02113,8.2012,96.3756,149.1048,131.7852,138.438,141.0,0.0612,-0.02565,7.59505,0.38337,1.93561,0.0598,0.91103,0.08545,0.28533,141.0,0.53472,0.01389,0.31944,0.00694,0.03472,0.00694,0.08333,129.51474,136.95675,137.17532
1480,Andrew Tye,MEDIUM_SEAM,1.0,922,0.03362,0.00325,IPL_Men,125.53649,9.18781,103.9932,140.652,116.5977,133.29,730.0,0.0732,-0.26852,7.1955,0.29235,2.84093,-0.05657,0.85481,0.21195,0.21592,711.0,0.2744,0.03579,0.218,0.00434,0.07809,0.2115,0.17787,125.25394,125.35546,127.33953
1483,Nikita Miller,unknown,0.0,410,0.00488,0.0,IPL_Men,87.67184,4.19949,77.5872,101.0268,85.482,90.6642,159.0,0.0479,0.04912,4.85673,0.31494,0.99896,-0.00088,0.67351,-0.05,0.24829,158.0,0.10244,0.00488,0.00244,0.0,0.0,0.58537,0.30488,87.70621,87.4785,129.56412
1484,Vishwa Fernando,MEDIUM_SEAM,0.0,1477,0.00948,0.00135,IPL_Men,133.09558,4.43778,84.8088,144.4032,130.7124,135.6957,760.0,0.0333,0.11849,7.24608,0.3247,1.96558,-0.14447,0.78303,-0.26296,0.29773,757.0,0.24171,0.00745,0.18145,0.0,0.0088,0.48003,0.08057,132.35085,134.00603,133.75536
1486,Dilruwan Perera,OFF_SPIN,1.0,8297,0.00084,0.00169,IPL_Men,85.0291,3.97648,46.026,102.366,82.5939,87.4512,5224.0,0.0468,-0.08587,4.55102,0.29245,0.86616,0.02008,0.65031,0.10596,0.23315,5223.0,0.08762,0.00169,0.00024,0.0,0.0,0.35905,0.5514,84.93418,85.31691,85.56432
1487,Mohammad Talha,unknown,0.0,108,0.01852,0.00926,IPL_Men,136.10385,6.26729,111.546,145.3896,134.4186,140.2236,107.0,0.046,-0.27316,8.97024,0.21122,2.25339,-0.12374,0.97511,0.14942,0.20708,107.0,0.34259,0.0,0.40741,0.01852,0.18519,0.00926,0.03704,135.91731,136.749,129.56412
1490,Andre Fletcher,unknown,0.0,22,0.0,0.0,IPL_Men,84.90207,3.12034,79.8552,91.7244,82.8522,86.2542,22.0,0.0368,0.06723,4.48491,0.25247,1.93625,-0.07718,0.69809,-0.14441,0.19054,22.0,0.27273,0.09091,0.04545,0.0,0.0,0.0,0.59091,84.90207,121.7758,129.56412
1492,Hamish Bennett,MEDIUM_SEAM,1.0,314,0.03822,0.00318,IPL_Men,135.84844,9.02886,95.364,144.6228,134.01,140.9544,118.0,0.0665,-0.39356,7.2252,0.28356,2.84461,-0.07135,0.8405,0.32221,0.20204,112.0,0.11465,0.01274,0.14968,0.00318,0.03185,0.57006,0.11783,135.21955,136.86864,130.39351
1493,Imrul Kayes,ORTHODOX,0.0,6,0.0,0.0,IPL_Men,84.8975,4.39351,72.1584,100.4004,82.026,88.2459,370.0,0.0532,-0.07965,4.60936,0.27042,1.17074,-0.0592,0.64013,0.0094,0.19241,369.0,0.0,0.0,0.0,0.0,0.0,1.0,0.0,84.6049,86.35378,86.95849
1497,Sayed Shirzad,MEDIUM_SEAM,0.0,30,0.0,0.0,IPL_Men,125.45441,9.11598,111.8124,135.72,114.1272,133.0056,29.0,0.0727,0.15893,8.01634,0.24756,1.59148,-0.11262,0.90193,-0.27155,0.13026,29.0,0.33333,0.0,0.53333,0.0,0.06667,0.0,0.06667,121.85259,130.557,130.39351
1498,Sharafuddin Ashraf,ORTHODOX,0.0,116,0.0,0.0,IPL_Men,84.8975,4.39351,72.1584,100.4004,82.026,88.2459,370.0,0.0532,-0.07965,4.60936,0.27042,1.17074,-0.0592,0.64013,0.0094,0.19241,369.0,0.0,0.0,0.0,0.0,0.0,1.0,0.0,84.6049,86.35378,86.95849
1505,Matt Henry,FAST_SEAM,1.0,3916,0.01583,0.00102,IPL_Men,134.53187,5.02087,82.2168,145.0872,132.5844,137.5137,1688.0,0.0373,-0.2553,7.73145,0.27762,2.46254,-0.06725,0.89467,0.18806,0.22485,1678.0,0.20072,0.00715,0.14709,0.00358,0.05031,0.52196,0.0692,133.37541,135.72056,136.69119
1521,Billy Stanlake,SEAM,1.0,483,0.02277,0.0,IPL_Men,141.28677,4.87945,120.924,151.3836,138.4236,144.8046,335.0,0.0345,-0.40301,7.80502,0.19808,2.32264,-0.1861,0.98818,0.21691,0.17088,333.0,0.24638,0.01035,0.28778,0.0,0.05383,0.29814,0.10352,138.51476,142.25031,143.12445
1556,Deepak Hooda,OFF_SPIN,1.0,335,0.02985,0.0,IPL_Men,91.53913,4.58412,73.3824,109.9188,89.0406,94.3866,310.0,0.0501,0.09674,5.18935,0.36081,1.58542,0.03999,0.6554,-0.05675,0.24887,307.0,0.41194,0.04478,0.01791,0.0,0.0,0.03582,0.48955,93.54504,91.29454,91.47912
1560,Monu Kumar,SEAM,0.0,16,0.1875,0.0625,IPL_Men,126.62208,9.48999,106.8228,136.2132,127.0746,132.6618,15.0,0.0749,-0.0585,8.13671,0.34357,2.07528,0.31979,0.80129,0.37829,0.2164,14.0,0.375,0.0,0.3125,0.0,0.125,0.0625,0.125,120.10886,123.17136,132.32115
1561,Avesh Khan,FAST_SEAM,1.0,568,0.03521,0.00352,IPL_Men,134.33836,7.22179,106.4772,149.1228,130.2525,139.3911,556.0,0.0538,-0.35572,7.36506,0.32505,2.97181,-0.15811,0.84462,0.1976,0.22379,522.0,0.26232,0.06338,0.35387,0.0,0.09507,0.06338,0.16197,133.05565,134.04575,136.50418
1564,Sarfaraz Khan,LEG_SPIN,1.0,2,0.0,0.0,IPL_Men,91.8756,0.66185,91.4076,92.3436,91.6416,92.1096,2.0,0.0072,-0.1185,6.135,0.33163,0.70711,-0.28,0.5915,-0.1615,0.15486,2.0,1.0,0.0,0.0,0.0,0.0,0.0,0.0,91.8756,86.51212,88.8083
1578,Zafar Gohar,unknown,0.0,61,0.01639,0.0,IPL_Men,87.77969,1.7292,83.3616,91.6668,86.5728,89.1072,61.0,0.0197,0.05682,4.28692,0.27041,1.34401,-0.19479,0.63259,-0.25161,0.25905,61.0,0.18033,0.04918,0.0,0.0,0.0,0.0,0.77049,87.29104,88.947,129.56412
1586,Najmul Hossain Shanto,OFF_SPIN,1.0,4,0.0,0.0,IPL_Men,85.76454,4.76166,70.4754,101.4408,83.2446,88.5663,253.5,0.0577,-0.08388,4.67617,0.31081,1.21174,0.02247,0.65099,0.08884,0.23035,252.0,0.0,0.0,0.0,0.0,0.0,1.0,0.0,85.67964,86.56654,88.28374
1588,Mosaddek Hossain,OFF_SPIN,1.0,792,0.01263,0.0,IPL_Men,86.41687,5.45564,73.314,142.9452,83.5074,89.7435,458.0,0.0631,-0.06224,4.77914,0.27807,1.27403,0.03812,0.6304,0.10035,0.25963,458.0,0.1553,0.01136,0.00126,0.0,0.0,0.41162,0.42045,86.43776,86.23417,88.28374
1590,Abu Hider,unknown,0.0,72,0.0,0.0,IPL_Men,128.38715,5.65036,104.148,145.584,126.3744,131.3172,61.0,0.044,-0.04998,7.25902,0.43412,2.2709,-0.05121,0.6333,-0.00123,0.30214,61.0,0.45833,0.01389,0.25,0.02778,0.01389,0.09722,0.13889,127.1565,128.08671,129.49097
1592,Jubair Hossain,unknown,0.0,115,0.0,0.0087,IPL_Men,81.24093,2.264,74.196,85.0068,80.226,83.151,27.0,0.0279,-0.12119,3.83478,0.21918,1.80166,-0.01648,0.63419,0.1047,0.18996,27.0,0.02609,0.02609,0.0087,0.0,0.0,0.75652,0.18261,81.24093,121.7758,129.56412
1594,Mustafizur Rahman,FAST_SEAM,0.0,4548,0.01935,0.00286,IPL_Men,129.56957,6.70918,84.5496,144.9576,125.3916,134.5392,3383.0,0.0518,0.11293,6.91475,0.35636,2.36766,-0.15994,0.76705,-0.27287,0.27967,3321.0,0.33575,0.02287,0.18668,0.00308,0.03496,0.25967,0.15699,128.75017,129.98819,131.51954
1597,Mehidy Hasan,OFF_SPIN,1.0,6058,0.00165,0.00017,IPL_Men,84.78563,3.84904,69.4656,101.016,82.4328,87.1956,4600.0,0.0454,-0.07048,4.67567,0.29407,0.97811,0.04416,0.66203,0.11464,0.24653,4599.0,0.15401,0.00528,0.0,0.0,0.0,0.23011,0.6106,84.41978,85.49216,86.20085
1616,Kyle Jamieson,MEDIUM_SEAM,1.0,561,0.01783,0.01604,IPL_Men,131.82436,6.29161,58.5576,140.868,130.5414,135.2025,482.0,0.0477,-0.27479,7.25954,0.34013,2.29735,-0.11637,0.86619,0.15841,0.26504,474.0,0.39572,0.01426,0.24955,0.00713,0.04991,0.13369,0.14973,131.3053,133.19348,131.87633
1650,Mark Watt,ORTHODOX,0.0,271,0.01107,0.0,IPL_Men,91.87809,4.8976,82.3212,103.2372,88.9317,94.257,42.0,0.0533,-0.14702,4.29552,0.16557,1.07864,0.0309,0.59386,0.17793,0.07697,42.0,0.02214,0.00369,0.0,0.0,0.0,0.84502,0.12915,91.99725,91.7192,86.95849
1652,Chris Sole,unknown,0.0,136,0.03676,0.00735,IPL_Men,133.36059,5.01882,120.1464,142.29,131.3397,136.3041,28.0,0.0376,-0.53339,7.42225,0.21894,2.04667,-0.17286,0.88282,0.36054,0.13831,28.0,0.11029,0.0,0.05882,0.0,0.01471,0.78676,0.02941,132.8808,121.7758,134.2242
1654,Stuart Whittingham,FAST_SEAM,1.0,129,0.05426,0.00775,IPL_Men,134.0816,5.53134,96.5088,146.3616,131.6394,137.4498,654.0,0.0422,-0.21855,7.41587,0.31966,2.22643,-0.07887,0.84743,0.16009,0.24405,645.0,0.0,0.0,0.0,0.0,0.0,1.0,0.0,133.159,134.49967,135.56306
1662,Andile Phehlukwayo,MEDIUM_SEAM,1.0,1800,0.03333,0.00111,IPL_Men,128.90219,5.73858,93.312,142.9092,127.1592,132.0912,981.0,0.0445,-0.21837,7.66943,0.34388,2.22472,-0.06306,0.86142,0.15531,0.25508,979.0,0.25056,0.00278,0.16722,0.00278,0.04889,0.44944,0.07833,128.70669,129.51934,130.39351
1664,Kagiso Rabada,FAST_SEAM,1.0,10571,0.01854,0.00615,IPL_Men,138.54328,5.68493,80.4636,154.2384,135.9477,142.0812,6366.0,0.041,-0.2451,7.56986,0.32616,2.3535,-0.02978,0.92231,0.21532,0.26959,6268.0,0.26478,0.01551,0.19497,0.00038,0.05279,0.39599,0.07558,137.59937,139.28805,140.11565
1667,Aiden Markram,OFF_SPIN,1.0,298,0.01007,0.0,IPL_Men,87.24862,4.7107,69.8076,97.614,84.7242,90.2934,246.0,0.054,0.03552,4.63635,0.346,1.36363,0.07383,0.64416,0.03831,0.22043,245.0,0.21812,0.02685,0.00336,0.0,0.0,0.1745,0.57718,86.99302,87.2058,90.03354
1670,Kusal Mendis,LEG_SPIN,1.0,86,0.0,0.0,IPL_Men,84.76393,7.43793,76.4604,129.2256,81.5436,85.5954,71.0,0.0877,-0.05261,4.68583,0.25757,1.89159,-0.13114,0.5577,-0.07853,0.15595,70.0,0.18605,0.04651,0.03488,0.0,0.0,0.16279,0.56977,84.76393,86.51212,88.8083
1707,Fabian Allen,ORTHODOX,0.0,504,0.00198,0.0,IPL_Men,88.37248,4.71781,80.568,109.5876,85.4604,90.2106,399.0,0.0534,-0.12912,5.07633,0.26548,1.2759,-0.14232,0.70951,-0.0132,0.22036,399.0,0.29167,0.01389,0.00794,0.0,0.0,0.17659,0.50992,87.59672,90.91519,92.097
1716,Luke Jongwe,unknown,0.0,718,0.04457,0.00139,IPL_Men,93.14175,4.71673,82.7676,124.2612,90.5796,97.596,105.0,0.0434,-0.12505,5.4521,0.25363,1.58025,-0.04709,0.70603,0.09138,0.20212,105.0,0.0,0.0,0.0,0.0,0.0,1.0,0.0,90.39757,121.7758,129.56412
1723,Ryan Burl,LEG_SPIN,1.0,77,0.0,0.0,IPL_Men,79.6149,1.20761,76.5288,81.2088,79.0047,80.4519,12.0,0.0152,0.01575,2.62842,0.1871,0.92417,-0.00608,0.62042,-0.02183,0.1561,12.0,0.0,0.06494,0.0,0.0,0.0,0.84416,0.09091,79.6149,86.51212,88.8083
1726,Tarisai Musakanda,unknown,0.0,12,0.0,0.0,IPL_Men,93.14175,4.71673,82.7676,124.2612,90.5796,97.596,105.0,0.0434,-0.12505,5.4521,0.25363,1.58025,-0.04709,0.70603,0.09138,0.20212,105.0,0.0,0.0,0.0,0.0,0.0,1.0,0.0,90.39757,121.7758,129.56412
1732,Arafat Sunny,unknown,0.0,653,0.00613,0.0,IPL_Men,85.65108,3.72036,76.9824,102.0024,83.1924,87.9759,260.0,0.0434,-0.12505,4.81854,0.21222,1.06626,-0.02746,0.61353,0.09759,0.18289,259.0,0.09342,0.00153,0.00153,0.0,0.00153,0.59877,0.30322,85.44196,86.04608,129.56412
1734,Sabbir Rahman,LEG_SPIN,1.0,373,0.0,0.00268,IPL_Men,86.04285,3.50757,77.04,95.1516,83.772,88.632,211.0,0.0408,-0.10654,4.93143,0.20873,1.86795,-0.16566,0.59967,-0.05912,0.1167,208.0,0.18231,0.02949,0.01877,0.0,0.00536,0.42895,0.33512,86.04285,86.51212,88.8083
1735,Moeen Ali,OFF_SPIN,1.0,12628,0.00341,0.00103,IPL_Men,87.67142,4.63775,67.2192,136.3068,84.8556,90.8586,10251.0,0.0529,-0.20499,4.66099,0.3061,1.16002,-0.02368,0.68565,0.18131,0.23815,10228.0,0.18871,0.01322,0.00198,0.0,8e-05,0.15814,0.63787,87.46248,88.95154,88.2141
1736,Stephen Parry,unknown,0.0,89,0.01124,0.0,IPL_Men,85.45336,4.78127,71.5104,92.3328,83.6829,88.6005,68.0,0.056,-0.10526,4.96899,0.1914,1.19524,-0.09522,0.69322,0.01004,0.12265,68.0,0.25843,0.0,0.0,0.0,0.0,0.16854,0.57303,84.93091,86.80074,129.56412
1737,Harry Gurney,SEAM,0.0,521,0.04223,0.00768,IPL_Men,128.97192,10.35744,81.9072,143.5644,123.8778,136.7298,507.0,0.0803,0.069,7.17104,0.34964,2.24243,-0.0848,0.81241,-0.1538,0.33287,497.0,0.39347,0.02687,0.35317,0.00192,0.02687,0.02303,0.17466,125.63514,131.11733,131.06841
1740,Jayant Yadav,OFF_SPIN,1.0,865,0.00694,0.00694,IPL_Men,88.4816,6.18861,73.7604,137.4336,84.1896,92.0196,805.0,0.0699,-0.0795,4.77708,0.30727,1.12916,0.05564,0.68015,0.13515,0.2534,804.0,0.23468,0.01156,0.00347,0.0,0.0,0.03815,0.71214,85.85359,91.72351,92.002
1743,Karanveer Singh,SEAM,0.0,213,0.04225,0.0,IPL_Men,83.06131,7.57689,71.3664,106.7904,77.364,85.8753,198.0,0.0912,-0.06106,4.86413,0.40499,1.40576,-0.16346,0.68679,-0.1024,0.23614,197.0,0.277,0.01878,0.01878,0.0,0.0,0.04225,0.64319,83.75245,82.7604,84.3534
1744,Shivam Sharma,SEAM,0.0,114,0.0,0.0,IPL_Men,92.18677,4.34274,77.4252,101.5524,89.4339,94.9797,108.0,0.0471,-0.04876,4.49442,0.27983,1.60181,-0.12587,0.59021,-0.07711,0.17291,107.0,0.2807,0.07018,0.00877,0.0,0.0,0.02632,0.61404,93.81488,91.5891,128.92869
1745,Shardul Thakur,MEDIUM_SEAM,1.0,1788,0.04922,0.00391,IPL_Men,133.74831,6.76258,64.332,147.6,131.9553,137.8611,1682.0,0.0506,-0.2174,7.65195,0.36242,2.78892,-0.10661,0.87621,0.11078,0.23758,1632.0,0.32774,0.03244,0.2953,0.00951,0.11521,0.07215,0.14765,132.59134,133.98831,135.45173
1747,Krishmar Santokie,SEAM,0.0,51,0.05882,0.0,IPL_Men,111.34498,11.32227,88.5924,128.178,103.2516,123.3711,50.0,0.1017,-0.02353,6.4704,0.32528,2.04749,-0.22117,0.6016,-0.19764,0.1921,47.0,0.47059,0.03922,0.19608,0.0,0.01961,0.05882,0.21569,110.13451,110.07471,115.2429
1748,Shreyas Gopal,LEG_SPIN,1.0,940,0.00851,0.00106,IPL_Men,87.95159,6.04096,72.2448,116.8632,84.7179,90.0009,930.0,0.0687,-0.17436,5.47883,0.22807,1.42672,-0.0182,0.68877,0.15617,0.24038,926.0,0.44574,0.00638,0.03723,0.0,0.00213,0.01064,0.49787,89.10135,87.69834,88.60353
1749,Rahul Tewatia,LEG_SPIN,1.0,816,0.02451,0.00245,IPL_Men,87.65366,4.83775,70.4556,113.0688,84.7566,90.0495,784.0,0.0552,-0.08249,5.21558,0.3342,1.30694,0.07852,0.6234,0.16101,0.2087,783.0,0.38725,0.01593,0.02083,0.0,0.0,0.01716,0.55882,87.31923,87.61728,92.1795
1752,Beuran Hendricks,FAST_SEAM,0.0,275,0.03636,0.00364,IPL_Men,134.59953,8.34536,96.5088,145.6164,134.2152,139.1238,183.0,0.062,-0.03733,7.46751,0.37547,3.06927,-0.14649,0.90394,-0.10916,0.41017,181.0,0.18182,0.04,0.23636,0.00727,0.06909,0.34182,0.12364,132.13735,134.4161,136.68679
1755,Ehsan Nawaz,unknown,0.0,63,0.01587,0.03175,IPL_Men,126.04735,6.24183,105.0696,134.0892,123.615,130.554,59.0,0.0495,-0.19197,8.62036,0.45933,2.09806,0.08258,0.91666,0.27454,0.42311,59.0,0.36508,0.0,0.42857,0.04762,0.06349,0.04762,0.04762,125.77947,123.5676,127.10111
1757,Craig Young,FAST_SEAM,1.0,470,0.0234,0.01064,IPL_Men,132.80585,5.70157,103.1328,141.1668,131.193,135.8442,243.0,0.0429,-0.28153,7.99315,0.20892,2.39672,-0.15175,0.90814,0.12978,0.1668,243.0,0.17234,0.00638,0.21489,0.00213,0.05532,0.47447,0.07447,129.72295,133.7057,134.69485
1760,Delissa Kimmince,MEDIUM_SEAM,1.0,62,0.03226,0.0,IPL_Men,101.53324,5.70427,87.0048,113.1804,99.9036,105.5295,62.0,0.0562,-0.31902,6.39658,0.17307,1.58594,-0.21282,0.61839,0.10619,0.12372,62.0,0.53226,0.01613,0.17742,0.0,0.0,0.0,0.27419,101.53324,127.43109,130.39351
1798,Kate Cross,FAST_SEAM,1.0,246,0.01626,0.0,IPL_Men,106.59916,3.17598,94.788,118.8144,104.9193,108.6372,246.0,0.0298,-0.13373,6.48682,0.24782,1.29187,-0.02775,0.64411,0.10598,0.17006,246.0,0.65041,0.0,0.12195,0.0,0.0,0.0,0.22764,106.39032,107.145,106.2661
1800,Natalie Sciver,MEDIUM_SEAM,1.0,472,0.02542,0.00212,IPL_Men,101.79789,5.66517,79.65,113.976,99.8424,105.2496,425.0,0.0557,-0.229,6.14254,0.31929,2.07079,-0.01546,0.65173,0.21354,0.20801,425.0,0.43856,0.02542,0.11864,0.0,0.02542,0.0911,0.30085,101.53668,102.27043,103.5117
1813,Shikha Pandey,MEDIUM_SEAM,1.0,363,0.02204,0.0,IPL_Men,103.73172,3.82952,89.7084,112.8996,101.07,106.4412,311.0,0.0369,-0.37184,5.94511,0.26421,1.98161,-0.17942,0.58497,0.19242,0.16936,306.0,0.39394,0.03581,0.12672,0.0,0.0,0.15152,0.29201,101.94781,104.41962,104.53094
1814,Poonam Yadav,LEG_SPIN,1.0,442,0.00905,0.0,IPL_Men,61.14248,3.38472,53.1972,76.7628,58.7889,62.9604,404.0,0.0554,-0.11093,4.09111,0.37185,0.988,-0.20078,0.58152,-0.08985,0.1942,403.0,0.08371,0.01131,0.0,0.0,0.0,0.06787,0.8371,61.00904,61.42373,88.8083
1816,Tafadzwa Kamungozi,unknown,0.0,323,0.00619,0.0031,IPL_Men,89.81118,3.94206,79.8012,100.9512,87.7266,92.412,98.0,0.0439,-0.07422,5.37093,0.18211,1.1969,0.01715,0.7331,0.09138,0.0885,98.0,0.12384,0.0,0.00929,0.0,0.0,0.68731,0.17957,89.9966,86.9682,129.56412
1818,Salma Khatun,OFF_SPIN,1.0,61,0.01639,0.0,IPL_Men,75.63081,3.5656,67.032,88.11,74.2716,77.0868,61.0,0.0471,-0.01705,5.08264,0.32236,1.05445,-0.02302,0.49597,-0.00597,0.1829,61.0,0.39344,0.0,0.0,0.0,0.0,0.0,0.60656,75.99504,75.27832,88.28374
1819,Jahanara Alam,MEDIUM_SEAM,1.0,78,0.07692,0.0,IPL_Men,104.33669,5.33753,73.6272,111.6756,103.095,107.3916,75.0,0.0512,-0.25823,5.77134,0.44136,2.15074,-0.16928,0.4973,0.08895,0.19126,74.0,0.41026,0.07692,0.08974,0.0,0.01282,0.01282,0.39744,102.22276,105.09246,104.97884
1839,Taskin Ahmed,unknown,0.0,1191,0.02939,0.00252,IPL_Men,136.19728,6.38157,79.8228,145.8108,134.2989,139.7907,794.0,0.0469,-0.36182,8.15551,0.27479,2.28308,-0.1625,0.93567,0.19932,0.20564,785.0,0.25273,0.00336,0.25357,0.00084,0.0848,0.32914,0.07557,135.46314,137.20251,137.93088
1840,Sulieman Benn,unknown,0.0,1219,0.00656,0.00082,IPL_Men,88.48073,5.57877,70.5708,119.79,85.0968,91.3392,1097.0,0.0631,-0.01375,4.59695,0.30064,1.0997,-0.08675,0.72993,-0.073,0.20591,1089.0,0.17966,0.01969,0.00328,0.0,0.0,0.07383,0.72354,88.41906,89.06583,88.07623
1841,Jerome Taylor,FAST_SEAM,1.0,3367,0.00772,0.00772,IPL_Men,137.26888,5.48274,75.1752,152.172,134.9181,140.6547,3178.0,0.0399,-0.03624,7.1077,0.3815,2.20534,0.03365,0.83694,0.06989,0.24405,3156.0,0.43748,0.01901,0.27443,0.00059,0.04633,0.04277,0.17939,136.35999,138.108,138.72397
1842,Liam Plunkett,FAST_SEAM,1.0,3220,0.02547,0.00311,IPL_Men,134.83422,6.53233,65.2932,156.366,131.994,138.7107,2898.0,0.0484,-0.17582,7.85437,0.40709,2.30046,-0.08213,0.93644,0.09369,0.34786,2887.0,0.36739,0.01118,0.33634,0.00217,0.09099,0.07547,0.11646,134.96801,134.60046,131.54606
1844,Jermaine Blackwood,OFF_SPIN,1.0,297,0.0,0.0,IPL_Men,88.55472,7.46348,67.4676,136.2168,84.2589,90.6363,212.0,0.0843,-0.09287,4.67299,0.35881,1.64651,0.07977,0.62154,0.17264,0.22665,208.0,0.21549,0.05051,0.01684,0.0,0.0,0.26263,0.45455,88.61879,86.355,88.28374
1845,Dane Piedt,OFF_SPIN,1.0,1185,0.0,0.00084,IPL_Men,85.30096,5.28379,70.3044,147.4128,82.53,87.9633,952.0,0.0619,-0.19739,4.68389,0.30507,0.99075,-0.00821,0.67654,0.18919,0.2401,952.0,0.15781,0.00506,0.0,0.0,0.0,0.18397,0.65316,85.38044,84.37157,88.28374
1847,Niroshan Dickwella,unknown,0.0,88,0.0,0.0,IPL_Men,82.17649,3.43061,75.6864,93.0564,79.6464,84.2508,61.0,0.0417,-0.20451,4.2347,0.16114,1.57153,-0.19279,0.56903,0.01172,0.13485,61.0,0.15909,0.04545,0.0,0.0,0.0,0.30682,0.48864,82.28215,81.98918,129.56412
1849,Neville Madziva,unknown,0.0,401,0.0399,0.00249,IPL_Men,126.05528,3.43371,119.3976,131.1372,123.1524,128.7018,31.0,0.0272,-0.21752,6.72377,0.30785,1.57629,-0.02245,0.65403,0.19506,0.15688,31.0,0.04988,0.0,0.01496,0.0,0.0,0.9202,0.01496,90.39757,125.24817,127.3332
1850,Taurai Muzarabani,unknown,0.0,270,0.01111,0.0037,IPL_Men,128.5846,2.88751,123.1596,134.8164,126.5625,130.5279,54.0,0.0225,-0.46902,7.63996,0.17138,1.75434,-0.27978,0.82504,0.18924,0.15433,54.0,0.08519,0.0,0.08148,0.0,0.0037,0.8,0.02963,127.113,129.3898,128.7165
1851,John Nyumbu,unknown,0.0,750,0.02133,0.0,IPL_Men,93.14175,4.71673,82.7676,124.2612,90.5796,97.596,105.0,0.0434,-0.12505,5.4521,0.25363,1.58025,-0.04709,0.70603,0.09138,0.20212,105.0,0.0,0.0,0.0,0.0,0.0,1.0,0.0,90.39757,121.7758,129.56412
1852,Donald Tiripano,FAST_SEAM,1.0,1844,0.01247,0.00813,IPL_Men,125.76161,4.56734,82.3968,138.24,123.6978,128.565,962.0,0.0363,-0.14026,7.24215,0.41354,2.16513,0.02178,0.75916,0.16204,0.28893,961.0,0.24729,0.00488,0.16323,0.00488,0.02115,0.46312,0.09544,125.32539,125.98929,127.64375
1854,Lahiru Gamage,unknown,0.0,369,0.02168,0.01355,IPL_Men,129.74988,4.09354,110.322,144.0972,127.5426,132.4404,351.0,0.0315,-0.26815,7.69479,0.32773,2.05209,0.00805,0.84437,0.2762,0.28069,347.0,0.49051,0.00271,0.28726,0.00271,0.08943,0.0271,0.10027,127.5796,130.63065,130.12232
1855,Mthokozisi Shezi,unknown,0.0,37,0.02703,0.0,IPL_Men,93.14175,4.71673,82.7676,124.2612,90.5796,97.596,105.0,0.0434,-0.12505,5.4521,0.25363,1.58025,-0.04709,0.70603,0.09138,0.20212,105.0,0.0,0.0,0.0,0.0,0.0,1.0,0.0,90.39757,121.7758,129.56412
1859,Scott Kuggeleijn,FAST_SEAM,1.0,127,0.03937,0.0,IPL_Men,130.2039,8.61745,110.1384,141.228,126.1863,136.9323,48.0,0.0662,-0.50464,8.36796,0.24622,2.56015,-0.10374,0.91911,0.40089,0.23842,47.0,0.11024,0.00787,0.1811,0.0,0.04724,0.61417,0.03937,127.20226,133.46656,135.56306
1863,Danushka Gunathilaka,OFF_SPIN,1.0,435,0.0069,0.0,IPL_Men,86.18491,6.45069,60.354,101.8332,81.8352,90.8532,261.0,0.0748,0.24679,4.7114,0.2018,1.18687,0.03418,0.64524,-0.21261,0.12676,261.0,0.17471,0.0092,0.0,0.0,0.0,0.38851,0.42759,86.15964,86.4594,88.28374
1865,Farveez Maharoof,FAST_SEAM,1.0,172,0.02907,0.0,IPL_Men,117.43399,10.72346,94.8528,140.7852,108.5256,125.5716,125.0,0.0913,-0.3027,7.23454,0.24903,1.48138,-0.21896,0.83981,0.08374,0.18907,125.0,0.44767,0.0,0.21512,0.0,0.0,0.27326,0.06395,116.51355,120.66826,117.0729
1868,Sachith Pathirana,unknown,0.0,718,0.01114,0.00139,IPL_Men,82.38235,3.88227,65.1456,93.924,79.8885,85.0689,694.0,0.0471,-0.12593,4.61579,0.22844,1.20495,-0.07785,0.63428,0.04808,0.20432,694.0,0.22006,0.01811,0.00139,0.0,0.0,0.00696,0.75348,82.57017,81.68346,129.56412
1869,Lakshan Sandakan,UNORTHODOX,0.0,2483,0.0141,0.00483,IPL_Men,79.42289,5.24117,62.9712,138.2724,76.3245,81.9495,2018.0,0.066,-0.04793,4.26314,0.35061,1.16521,0.02623,0.59614,0.07416,0.26957,2015.0,0.09988,0.02175,0.00121,0.0,0.00081,0.17559,0.70077,79.34007,81.0994,88.60521
1880,Saad Nasim,unknown,0.0,37,0.02703,0.0,IPL_Men,84.54872,3.55975,73.5984,90.7416,82.98,86.9868,37.0,0.0421,0.08057,4.52643,0.20044,1.81048,-0.07751,0.73378,-0.15808,0.15888,37.0,0.37838,0.10811,0.0,0.0,0.0,0.0,0.51351,84.54872,121.7758,129.56412
1894,Keshav Maharaj,ORTHODOX,0.0,4574,0.00044,0.00087,IPL_Men,83.18667,3.82378,71.6904,104.1228,80.712,85.6224,2635.0,0.046,0.07612,4.29376,0.33833,0.89961,-0.04159,0.65519,-0.11771,0.24354,2635.0,0.05072,0.00568,0.0,0.0,0.0,0.41277,0.53083,83.11975,83.90497,83.3283
1898,Ashley Nurse,OFF_SPIN,1.0,1670,0.01257,0.0,IPL_Men,89.28015,4.56526,73.062,103.4352,86.3766,91.98,1207.0,0.0511,-0.19479,4.94556,0.31282,1.26442,-0.05357,0.67065,0.14123,0.24411,1204.0,0.24611,0.01198,0.00479,0.0,0.0,0.25389,0.48323,89.26472,89.29986,91.233
1899,Jonathan Carter,MEDIUM_SEAM,1.0,100,0.05,0.0,IPL_Men,121.93599,7.7558,102.0924,134.082,119.7387,126.6291,92.0,0.0636,-0.27127,6.73774,0.24525,2.91458,-0.14344,0.77114,0.12784,0.20262,91.0,0.28,0.04,0.24,0.02,0.07,0.05,0.3,121.89196,127.43109,125.9424
1901,Raymon Reifer,MEDIUM_SEAM,0.0,215,0.0186,0.0,IPL_Men,120.10897,7.46424,98.2512,128.5812,119.6064,124.4484,53.0,0.0621,0.23377,8.06666,0.38883,1.41487,0.07491,0.82721,-0.15887,0.24339,53.0,0.11163,0.0,0.12558,0.0,0.00465,0.74884,0.0093,120.10897,127.43109,130.39351
1902,Kyle Mayers,unknown,0.0,43,0.02326,0.0,IPL_Men,123.01902,2.05151,117.6444,129.1068,121.9032,124.3512,41.0,0.0167,0.10056,7.4621,0.41836,1.41337,-0.13102,0.82783,-0.23159,0.27765,41.0,0.60465,0.0,0.32558,0.0,0.02326,0.0,0.04651,121.9218,122.9535,123.76047
1903,Mitchell Santner,ORTHODOX,0.0,4521,0.00708,0.00022,IPL_Men,87.98283,5.12668,69.8652,139.2696,84.78,91.2474,1864.0,0.0583,-0.1008,4.71505,0.24641,1.14454,-0.07744,0.67976,0.02337,0.20853,1859.0,0.09799,0.00841,0.00155,0.0,0.0,0.57598,0.31608,87.65145,89.0244,92.0724
1904,Taijul Islam,ORTHODOX,0.0,5492,0.00036,0.00073,IPL_Men,84.05635,4.20065,40.158,101.052,81.2124,86.8392,4547.0,0.05,-0.06126,4.47901,0.24982,0.96854,-0.10458,0.66662,-0.04332,0.19798,4543.0,0.11908,0.00655,0.0,0.0,0.0,0.15714,0.71723,84.00249,84.36901,84.34886
1910,Imran Khan,MEDIUM_SEAM,1.0,1293,0.00232,0.00464,IPL_Men,132.42383,3.61166,100.3644,140.2704,130.6152,134.4951,930.0,0.0273,-0.21243,7.11489,0.27648,2.03149,0.05942,0.69357,0.27186,0.21043,926.0,0.39443,0.01237,0.17324,0.00077,0.03403,0.27069,0.11446,131.80907,134.24562,133.40053
1911,Yasir Shah,LEG_SPIN,1.0,10279,0.00078,0.00039,IPL_Men,84.50913,3.58567,71.1288,104.2884,82.3104,86.7042,8248.0,0.0424,0.1003,4.47035,0.33335,1.09447,-0.13514,0.65105,-0.23544,0.28792,8243.0,0.13863,0.00885,0.00088,0.0,0.0,0.18008,0.67156,84.48781,84.70182,85.29056
1913,Brian Chari,OFF_SPIN,1.0,18,0.0,0.0,IPL_Men,114.517,9.41298,77.4072,119.2248,115.056,118.0971,18.0,0.0822,0.18383,7.352,0.35235,1.86232,0.43972,0.60283,0.25589,0.42766,18.0,0.5,0.0,0.27778,0.0,0.05556,0.0,0.16667,114.517,86.56654,88.28374
1914,Wellington Masakadza,unknown,0.0,614,0.0114,0.0,IPL_Men,86.61357,5.94315,76.698,99.8712,81.6993,91.7739,40.0,0.0686,-0.04528,5.2352,0.26128,1.55634,0.00785,0.58802,0.05312,0.24704,40.0,0.02932,0.00326,0.00163,0.0,0.0,0.92997,0.03583,87.42227,84.7266,129.56412
1915,Reeza Hendricks,OFF_SPIN,1.0,42,0.0,0.0,IPL_Men,85.76454,4.76166,70.4754,101.4408,83.2446,88.5663,253.5,0.0577,-0.08388,4.67617,0.31081,1.21174,0.02247,0.65099,0.08884,0.23035,252.0,0.0,0.0,0.0,0.0,0.0,1.0,0.0,85.67964,86.56654,88.28374
1917,Tawanda Mupariwa,unknown,0.0,179,0.02793,0.0,IPL_Men,119.4319,5.87887,100.1304,131.4792,117.6975,122.9283,138.0,0.0492,-0.15974,7.12789,0.31058,1.39008,0.06257,0.79308,0.2223,0.188,138.0,0.50838,0.0,0.18436,0.0,0.01117,0.21788,0.07821,117.96558,121.64472,129.56412
1919,Soumya Sarkar,MEDIUM_SEAM,1.0,621,0.00644,0.00322,IPL_Men,119.26569,7.82503,96.4944,140.472,116.613,124.4214,399.0,0.0656,-0.25654,6.94619,0.25535,2.18683,-0.12378,0.76787,0.13276,0.1863,396.0,0.36071,0.01449,0.11916,0.00483,0.03382,0.35266,0.11433,119.10979,118.39152,126.27472
1920,Tharindu Kaushal,unknown,0.0,36,0.0,0.0,IPL_Men,86.1722,1.57363,80.7084,88.884,85.4397,86.9661,36.0,0.0183,-0.03861,4.43961,0.2748,1.21904,0.03411,0.68006,0.07272,0.16862,36.0,0.25,0.02778,0.0,0.0,0.0,0.0,0.72222,86.568,86.09304,129.56412
2498,John Davison,unknown,0.0,160,0.0125,0.0,IPL_Men,88.43738,5.64018,75.9816,102.1032,84.816,92.6424,145.0,0.0638,-0.11319,4.65407,0.29959,1.33386,-0.10005,0.66746,0.01314,0.26533,143.0,0.225,0.03125,0.00625,0.0,0.0,0.0625,0.675,88.43738,121.7758,129.56412
2605,Andre Botha,unknown,0.0,85,0.01176,0.0,IPL_Men,114.35241,4.88039,98.91,126.4464,111.339,116.9424,79.0,0.0427,-0.17471,6.90701,0.20782,1.93196,0.15169,0.62596,0.3264,0.1582,77.0,0.41176,0.01176,0.32941,0.0,0.0,0.02353,0.22353,114.52285,114.02413,129.56412
2628,Peter Ongondo,unknown,0.0,66,0.04545,0.0,IPL_Men,123.12056,4.7924,108.108,134.1288,120.969,125.4366,51.0,0.0389,-0.27329,7.69155,0.23619,1.42083,-0.15924,0.82102,0.11406,0.2103,51.0,0.56061,0.0,0.28788,0.0,0.01515,0.09091,0.04545,120.09285,123.77083,123.64188
2644,Balaji Rao,unknown,0.0,254,0.00394,0.0,IPL_Men,85.37989,4.74041,73.7136,98.6184,82.6848,88.4592,215.0,0.0555,-0.03055,4.7049,0.23636,1.35616,-0.17271,0.69957,-0.14216,0.18535,211.0,0.22835,0.03937,0.01181,0.0,0.0,0.03937,0.6811,85.14103,90.8472,129.56412
2654,Jimmy Kamande,unknown,0.0,142,0.05634,0.0,IPL_Men,87.23821,5.10523,73.4112,100.3248,84.4083,90.5517,122.0,0.0585,-0.29938,4.74388,0.27153,1.32308,-0.0436,0.62288,0.25578,0.18361,120.0,0.24648,0.02113,0.02817,0.0,0.0,0.01408,0.69014,87.45027,86.013,129.56412
2659,Bernardus Loots,unknown,0.0,142,0.02113,0.00704,IPL_Men,117.91719,4.67916,95.3964,127.3824,115.398,120.7548,129.0,0.0397,-0.12796,6.90595,0.37001,1.78901,-0.1334,0.61688,-0.00544,0.21994,128.0,0.57042,0.02113,0.21831,0.0,0.00704,0.02113,0.16197,117.9949,117.77697,129.56412
2667,Khurram Chohan,unknown,0.0,146,0.0274,0.0137,IPL_Men,125.12603,5.82827,108.9108,137.7252,121.4757,128.6496,130.0,0.0466,-0.30632,6.91174,0.24746,1.97228,-0.07152,0.70435,0.2348,0.19749,129.0,0.42466,0.0137,0.37671,0.0,0.0,0.02055,0.16438,120.73846,127.15304,125.6874
2669,Gregory Lamb,unknown,0.0,198,0.0303,0.0,IPL_Men,85.85994,5.2525,73.4328,99.2556,81.9756,89.8758,187.0,0.0612,-0.28475,4.98426,0.23847,1.36183,-0.02975,0.69491,0.25499,0.26612,186.0,0.31313,0.02525,0.00505,0.0,0.00505,0.02525,0.62626,85.76713,86.92416,129.56412
2670,Andy McKay,unknown,0.0,37,0.02703,0.0,IPL_Men,137.9654,5.23374,121.356,143.6472,137.3931,141.2496,36.0,0.0379,0.332,7.85892,0.27258,2.80905,0.02033,0.87769,-0.31167,0.24948,36.0,0.2973,0.02703,0.32432,0.0,0.16216,0.0,0.18919,137.9654,121.7758,129.56412
2675,Adeel Raja,unknown,0.0,72,0.0,0.0,IPL_Men,81.60115,4.18169,72.7416,93.1716,78.8166,83.4264,71.0,0.0512,0.11873,4.27236,0.24797,1.45015,0.06214,0.57079,-0.05659,0.23295,70.0,0.20833,0.06944,0.0,0.0,0.0,0.0,0.72222,84.0156,80.17544,80.553
2688,Tyson Gordon,unknown,0.0,4,0.25,0.0,IPL_Men,128.0736,5.54705,124.668,134.4744,124.8732,129.7764,3.0,0.0433,-0.59733,7.58933,0.14093,2.1063,-0.37833,0.84633,0.219,0.23024,3.0,0.5,0.0,0.25,0.0,0.0,0.0,0.25,90.39757,128.0736,129.56412
2689,Luke Woodcock,unknown,0.0,31,0.03226,0.0,IPL_Men,84.28425,3.80168,74.3184,94.7808,82.7046,86.4216,31.0,0.0451,0.00326,4.51784,0.23205,1.13367,0.08,0.62345,0.07674,0.11384,31.0,0.19355,0.03226,0.0,0.0,0.0,0.0,0.77419,84.76186,82.2942,129.56412
2691,Khan Abdur Razzak,unknown,0.0,250,0.024,0.0,IPL_Men,82.7173,4.20022,71.3988,94.482,80.1324,85.6044,139.0,0.0508,-0.03039,4.89459,0.30034,1.15009,-0.06747,0.62317,-0.03709,0.19196,135.0,0.22,0.016,0.008,0.0,0.0,0.232,0.524,82.38987,82.83749,83.53667
2707,Suraj Randiv,unknown,0.0,36,0.0,0.0,IPL_Men,83.83531,2.35241,79.3548,89.6832,82.6704,85.2768,29.0,0.0281,-0.0815,4.72511,0.22874,0.74479,0.02921,0.82589,0.11071,0.17241,28.0,0.11111,0.0,0.0,0.0,0.0,0.0,0.88889,83.9352,83.35584,129.56412
2709,Berend Westdijk,unknown,0.0,113,0.04425,0.0,IPL_Men,122.19264,6.02461,88.9596,129.7908,120.636,125.4564,105.0,0.0493,-0.20921,7.30981,0.30723,2.83023,0.00075,0.72883,0.20996,0.23265,105.0,0.38938,0.0354,0.31858,0.00885,0.04425,0.0177,0.18584,119.11664,121.90687,124.76084
2710,Ajmal Shahzad,unknown,0.0,82,0.06098,0.0,IPL_Men,137.84153,3.40654,127.3824,143.712,136.17,140.2344,73.0,0.0247,-0.15937,8.10683,0.31133,2.61038,-0.07061,0.82258,0.08876,0.27253,72.0,0.43902,0.0,0.32927,0.02439,0.07317,0.03659,0.09756,137.90889,139.60163,136.68513
2718,Bradley Kruger,unknown,0.0,21,0.0,0.0,IPL_Men,119.194,2.14192,115.7976,124.2612,117.7083,120.2166,18.0,0.018,-0.18028,5.95739,0.26501,2.08886,0.14906,0.54089,0.32933,0.21798,18.0,0.42857,0.04762,0.19048,0.0,0.0,0.0,0.33333,119.194,121.7758,129.56412
2719,Suhrawadi Shuvo,unknown,0.0,48,0.0,0.0,IPL_Men,82.66856,2.48481,76.1436,87.0624,81.3852,84.4668,45.0,0.0301,-0.20876,4.83869,0.12986,0.85129,-0.1084,0.63822,0.10036,0.09833,45.0,0.25,0.0,0.0,0.0,0.0,0.0,0.75,82.66856,121.7758,129.56412
2722,Carlos Brathwaite,MEDIUM_SEAM,1.0,1765,0.01926,0.00283,IPL_Men,127.66133,7.33352,90.4932,144.6768,125.8056,131.832,1633.0,0.0574,-0.29175,7.47767,0.38704,2.11757,-0.03344,0.90542,0.25831,0.30363,1618.0,0.44193,0.0153,0.30538,0.00057,0.05892,0.05269,0.12521,126.8512,129.11306,129.49406
2723,Peter Chase,unknown,0.0,872,0.04243,0.01261,IPL_Men,131.71153,5.10488,111.8916,140.9364,130.1148,134.8524,121.0,0.0388,-0.27444,7.29032,0.30451,2.19688,-0.06317,0.86665,0.21126,0.23868,121.0,0.06307,0.00229,0.04931,0.0,0.00459,0.85894,0.02179,129.24235,131.10434,134.72075
2724,Sohail Khan,unknown,0.0,318,0.04088,0.0,IPL_Men,134.49021,4.90195,95.3712,147.1392,132.8265,137.0358,316.0,0.0364,-0.18618,7.58317,0.22631,2.10847,-0.10294,0.87167,0.08324,0.16628,315.0,0.47799,0.00629,0.3239,0.00943,0.06604,0.00314,0.11321,133.51928,134.54676,135.06149
2726,Mohammad Tauqir,unknown,0.0,267,0.01124,0.00375,IPL_Men,85.62384,5.99449,72.5256,102.996,81.1404,89.361,227.0,0.07,-0.09129,5.05678,0.29755,1.22016,0.04685,0.73237,0.13813,0.24108,227.0,0.28464,0.00749,0.01124,0.0,0.0,0.07491,0.62172,85.81287,83.86249,129.56412
2728,Fahad Alhashmi,unknown,0.0,45,0.02222,0.0,IPL_Men,109.05852,5.10441,89.892,115.5456,106.7904,112.266,29.0,0.0468,-0.26248,5.326,0.29155,1.39184,-0.03745,0.61097,0.22503,0.1417,29.0,0.28889,0.02222,0.0,0.0,0.0,0.26667,0.42222,109.05852,121.7758,129.56412
2729,Krishna Karate,unknown,0.0,98,0.0,0.0,IPL_Men,111.30289,7.38581,98.9388,127.98,103.6071,117.0414,94.0,0.0664,-0.16269,7.20839,0.19207,1.49148,-0.08546,0.78291,0.07723,0.16795,94.0,0.71429,0.0,0.16327,0.0,0.02041,0.0,0.10204,110.75671,121.0248,129.56412
2736,Domnic Joseph,SEAM,0.0,84,0.0,0.0,IPL_Men,133.12973,6.17492,112.4892,142.182,132.0318,136.575,83.0,0.0464,-0.09455,7.65737,0.32734,1.82521,0.04412,0.81719,0.13867,0.23682,83.0,0.44048,0.0119,0.40476,0.0,0.03571,0.0,0.10714,133.4142,134.72216,132.6501
2738,Nitish Rana,OFF_SPIN,1.0,119,0.03361,0.0,IPL_Men,94.85756,7.79995,71.5068,111.6144,90.576,101.0916,109.0,0.0822,-0.03753,5.30029,0.32799,1.62241,0.01508,0.5646,0.05261,0.23311,109.0,0.41176,0.03361,0.05042,0.0,0.0,0.04202,0.46218,97.65864,93.2221,98.03289
2740,Hardik Pandya,MEDIUM_SEAM,1.0,3842,0.03254,0.00208,IPL_Men,132.03773,6.60731,95.0076,147.276,128.8611,136.5444,3364.0,0.05,-0.30427,7.88953,0.3404,2.31159,-0.05764,0.9043,0.24663,0.26562,3331.0,0.37428,0.01041,0.30869,0.00573,0.09006,0.1153,0.09552,131.99476,131.77073,133.67122
2741,Jagadeesha Suchith,ORTHODOX,0.0,319,0.02194,0.0,IPL_Men,86.97698,4.8533,74.9628,108.3312,83.9124,89.5212,289.0,0.0558,-0.10195,5.1873,0.26417,1.29886,0.00344,0.65841,0.1054,0.17489,288.0,0.41066,0.02821,0.00313,0.0,0.0,0.04075,0.51724,87.27322,86.65599,88.6296
2743,KC Cariappa,LEG_SPIN,1.0,224,0.02679,0.00893,IPL_Men,93.61537,7.88995,72.5796,134.2152,89.4582,96.1776,218.0,0.0843,0.01251,4.75446,0.29399,1.433,0.08042,0.59466,0.06791,0.23588,214.0,0.28571,0.03571,0.00893,0.0,0.0,0.03125,0.63839,96.9905,93.14977,92.1742
2745,Pradeep Sahu,SEAM,0.0,107,0.01869,0.0,IPL_Men,85.42447,7.73324,71.7552,132.606,80.3511,88.8417,106.0,0.0905,-0.1288,4.74842,0.27129,1.58422,-0.14324,0.68362,-0.01443,0.1837,106.0,0.28037,0.02804,0.02804,0.0,0.0,0.0,0.66355,88.5048,84.7944,128.92869
2746,Barinder Sran,SEAM,0.0,769,0.04941,0.0052,IPL_Men,130.10047,10.55843,86.7348,149.3424,128.8098,136.3059,744.0,0.0812,-0.01243,7.19736,0.31851,2.41993,-0.20579,0.87616,-0.19336,0.24579,729.0,0.37841,0.02731,0.3264,0.0052,0.03511,0.03511,0.19246,126.85745,128.78693,133.17011
2749,Mark Wood,FAST_SEAM,1.0,4315,0.01483,0.00278,IPL_Men,139.56702,5.18386,89.3556,152.8308,136.8594,143.0964,3236.0,0.0371,-0.24051,8.00858,0.34689,2.29572,-0.05021,0.92651,0.1903,0.29387,3220.0,0.33696,0.00626,0.27509,0.00093,0.10127,0.1854,0.09409,138.62821,140.95916,140.93411
2758,David Willey,FAST_SEAM,0.0,1724,0.029,0.0,IPL_Men,130.07371,5.30773,105.264,151.2216,127.926,133.2828,1465.0,0.0408,0.06001,7.0066,0.25926,1.87352,-0.0839,0.79368,-0.14391,0.21736,1461.0,0.46636,0.0087,0.22332,0.00174,0.01682,0.13515,0.14791,127.39747,130.61583,131.06727
2760,Imad Wasim,ORTHODOX,0.0,2034,0.01819,0.0,IPL_Men,91.07362,5.69202,72.9,107.316,86.8023,95.0697,1128.0,0.0625,-0.03382,5.07326,0.29703,1.09015,0.01798,0.60594,0.0518,0.23088,1128.0,0.20944,0.00295,0.00246,0.0,0.0,0.39774,0.38741,89.9267,92.80377,94.4762
2765,Ben Wheeler,unknown,0.0,248,0.03226,0.0,IPL_Men,131.04673,5.64017,82.692,143.316,128.2536,134.0424,193.0,0.043,0.07039,7.31493,0.33386,2.08997,-0.06574,0.87926,-0.13612,0.2446,193.0,0.3629,0.00806,0.2379,0.0,0.05242,0.18548,0.15323,129.39442,131.04183,132.5651
2766,Craig Overton,MEDIUM_SEAM,1.0,592,0.00676,0.0,IPL_Men,131.01916,3.49964,120.2688,138.5712,128.9106,133.5213,204.0,0.0267,-0.27257,7.28788,0.38205,2.02721,-0.14964,0.87307,0.12294,0.28711,204.0,0.18074,0.0,0.08615,0.0,0.02196,0.65541,0.05574,130.9729,131.4972,130.39351
2783,Con de Lange,unknown,0.0,54,0.0,0.0,IPL_Men,93.14175,4.71673,82.7676,124.2612,90.5796,97.596,105.0,0.0434,-0.12505,5.4521,0.25363,1.58025,-0.04709,0.70603,0.09138,0.20212,105.0,0.0,0.0,0.0,0.0,0.0,1.0,0.0,90.39757,121.7758,129.56412
2838,Andrew Mathieson,unknown,0.0,25,0.04,0.0,IPL_Men,134.60803,8.51901,103.0176,148.4532,131.508,139.2516,25.0,0.0633,-0.43858,8.19629,0.16607,2.42618,-0.21312,1.04138,0.22546,0.21754,24.0,0.32,0.04,0.4,0.0,0.16,0.04,0.04,133.4808,135.8292,129.56412
2839,Reece Topley,unknown,0.0,483,0.03727,0.00207,IPL_Men,130.2719,7.08258,93.6864,143.712,128.9646,133.8984,443.0,0.0544,-0.02276,6.77682,0.3314,2.29729,-0.1444,0.79257,-0.12164,0.30127,437.0,0.38095,0.0352,0.27329,0.0,0.0207,0.07246,0.21739,127.21184,131.07319,131.97002
2872,Bilal Asif,unknown,0.0,115,0.0087,0.0,IPL_Men,85.2087,1.71007,82.1484,88.416,83.9808,86.8959,24.0,0.0201,-0.02908,4.98196,0.34488,1.67621,0.06662,0.69783,0.09571,0.15424,24.0,0.08696,0.0087,0.0087,0.0,0.0,0.7913,0.10435,85.2087,121.7758,129.56412
2875,George Worker,unknown,0.0,6,0.0,0.0,IPL_Men,77.64192,1.14764,76.2084,79.0884,77.1804,78.5016,5.0,0.0148,0.0568,3.9258,0.18689,1.50356,0.0696,0.534,0.0128,0.09666,5.0,0.16667,0.0,0.0,0.0,0.0,0.0,0.83333,77.64192,121.7758,129.56412
2876,Dasun Shanaka,MEDIUM_SEAM,1.0,616,0.00974,0.0,IPL_Men,123.7589,6.6792,85.68,133.8948,122.4954,127.4265,482.0,0.054,-0.3275,6.71488,0.27146,2.09057,-0.1545,0.73435,0.173,0.19008,479.0,0.42857,0.01461,0.15909,0.00649,0.01623,0.20779,0.16721,123.15146,125.64497,125.36515
2877,Jeffrey Vandersay,LEG_SPIN,1.0,461,0.01735,0.00434,IPL_Men,83.91477,3.5616,74.4228,96.2784,81.7416,86.049,331.0,0.0424,-0.17959,4.37098,0.25143,1.53245,-0.16711,0.62879,0.01248,0.22538,331.0,0.14534,0.04121,0.01518,0.0,0.0,0.2603,0.53796,83.83402,85.319,88.8083
2879,Jomel Warrican,ORTHODOX,0.0,1438,0.0,0.00487,IPL_Men,83.57625,5.54059,65.1888,139.59,80.4699,86.8554,1306.0,0.0663,-0.03941,4.28633,0.30488,1.09054,-0.09994,0.61997,-0.06053,0.22314,1300.0,0.12517,0.01947,0.0,0.0,0.0,0.06537,0.78999,83.38573,84.93623,86.24943
2880,Aamer Yamim,unknown,0.0,144,0.03472,0.00694,IPL_Men,93.14175,4.71673,82.7676,124.2612,90.5796,97.596,105.0,0.0434,-0.12505,5.4521,0.25363,1.58025,-0.04709,0.70603,0.09138,0.20212,105.0,0.0,0.0,0.0,0.0,0.0,1.0,0.0,90.39757,121.7758,129.56412
2881,Tendai Chisoro,unknown,0.0,534,0.02247,0.0,IPL_Men,89.51206,5.43059,77.5692,106.74,85.635,92.8836,119.0,0.0607,-0.04628,4.8023,0.31322,1.31021,-0.07824,0.65224,-0.03197,0.20735,119.0,0.07303,0.0,0.00187,0.0,0.0,0.75094,0.17416,89.31624,90.0536,88.61066
2882,Amir Hamza,unknown,0.0,911,0.00768,0.0011,IPL_Men,93.14175,4.71673,82.7676,124.2612,90.5796,97.596,105.0,0.0434,-0.12505,5.4521,0.25363,1.58025,-0.04709,0.70603,0.09138,0.20212,105.0,0.0,0.0,0.0,0.0,0.0,1.0,0.0,90.39757,121.7758,129.56412
2883,Fareed Ahmad,unknown,0.0,105,0.07619,0.00952,IPL_Men,93.14175,4.71673,82.7676,124.2612,90.5796,97.596,105.0,0.0434,-0.12505,5.4521,0.25363,1.58025,-0.04709,0.70603,0.09138,0.20212,105.0,0.0,0.0,0.0,0.0,0.0,1.0,0.0,90.39757,121.7758,129.56412
2884,Hashmatullah Shahidi,OFF_SPIN,1.0,6,0.0,0.0,IPL_Men,85.76454,4.76166,70.4754,101.4408,83.2446,88.5663,253.5,0.0577,-0.08388,4.67617,0.31081,1.21174,0.02247,0.65099,0.08884,0.23035,252.0,0.0,0.0,0.0,0.0,0.0,1.0,0.0,85.67964,86.56654,88.28374
2885,Rashid Khan,LEG_SPIN,1.0,4508,0.01375,0.00022,IPL_Men,93.49818,4.62999,77.9148,145.602,90.3384,96.552,2425.0,0.0495,-0.1696,5.24135,0.22446,1.49422,-0.02426,0.67734,0.14535,0.19921,2420.0,0.22715,0.01287,0.01575,0.0,0.00044,0.45009,0.2937,93.12527,93.76366,94.59371
2887,Kamrul Islam,MEDIUM_SEAM,1.0,561,0.00891,0.00535,IPL_Men,132.67822,3.99909,110.0592,142.5276,129.7935,135.7209,284.0,0.0301,-0.18785,7.65015,0.34183,2.38887,-0.07105,0.85089,0.11681,0.20982,284.0,0.21569,0.00891,0.17291,0.0,0.04991,0.48307,0.06952,132.18056,133.86037,137.5191
2888,Iftikhar Ahmed,OFF_SPIN,1.0,111,0.00901,0.0,IPL_Men,87.17043,3.34021,80.5644,95.796,84.8097,88.938,108.0,0.0383,0.26381,5.11854,0.16938,0.97524,0.05019,0.60119,-0.21363,0.10703,108.0,0.35135,0.00901,0.0,0.0,0.0,0.02703,0.61261,86.65985,88.1916,88.28374
2891,Miguel Cummins,unknown,0.0,385,0.03377,0.00779,IPL_Men,134.1619,4.26696,102.2652,141.7176,132.0372,137.0088,315.0,0.0318,-0.40703,7.69763,0.22668,2.46007,-0.12218,0.89532,0.28485,0.17503,309.0,0.29091,0.01558,0.2987,0.0026,0.07532,0.18442,0.13247,133.69552,134.90534,134.71282
2893,Rokhan Barakzai,unknown,0.0,49,0.02041,0.0,IPL_Men,93.14175,4.71673,82.7676,124.2612,90.5796,97.596,105.0,0.0434,-0.12505,5.4521,0.25363,1.58025,-0.04709,0.70603,0.09138,0.20212,105.0,0.0,0.0,0.0,0.0,0.0,1.0,0.0,90.39757,121.7758,129.56412
2894,Yamin Ahmadzai,MEDIUM_SEAM,1.0,335,0.02985,0.0,IPL_Men,132.80686,3.82967,122.1588,141.6204,130.7637,135.7155,88.0,0.0288,-0.34103,6.81686,0.28808,1.86752,-0.14561,0.7525,0.19542,0.22878,88.0,0.15821,0.0,0.02687,0.0,0.01493,0.73731,0.06269,132.26954,135.23811,133.742
2896,Mohammad Amir,FAST_SEAM,0.0,5655,0.00778,0.00354,IPL_Men,134.44189,5.38941,97.884,148.3884,131.8464,138.087,3091.0,0.0401,0.09557,7.35289,0.37598,1.98592,-0.09499,0.81682,-0.19056,0.29979,3084.0,0.32255,0.00389,0.11653,0.00088,0.03996,0.44668,0.0695,133.40449,135.41515,136.14222
2897,Todd Astle,LEG_SPIN,1.0,348,0.00287,0.0,IPL_Men,84.972,4.40062,72.4644,99.936,82.0953,87.7014,211.0,0.0503,-0.08933,4.6966,0.25709,1.39268,-0.09994,0.65327,-0.02183,0.21974,208.0,0.0,0.0,0.0,0.0,0.0,1.0,0.0,84.76393,86.51212,88.8083
2901,Karim Janat,unknown,0.0,25,0.04,0.0,IPL_Men,93.14175,4.71673,82.7676,124.2612,90.5796,97.596,105.0,0.0434,-0.12505,5.4521,0.25363,1.58025,-0.04709,0.70603,0.09138,0.20212,105.0,0.0,0.0,0.0,0.0,0.0,1.0,0.0,90.39757,121.7758,129.56412
2909,Zahir Khan,UNORTHODOX,0.0,51,0.05882,0.0,IPL_Men,84.77709,4.63186,72.1548,106.0596,82.1403,87.255,658.0,0.0496,-0.03413,4.62975,0.25309,1.27048,0.02689,0.6653,0.02609,0.20585,658.0,0.0,0.0,0.0,0.0,0.0,1.0,0.0,84.33717,86.56386,88.60521
2915,Mohammad Saifuddin,MEDIUM_SEAM,1.0,677,0.0192,0.0,IPL_Men,126.22096,6.82462,99.1296,137.3328,125.1684,129.69,357.0,0.0541,-0.25501,7.27281,0.23253,2.05709,0.00892,0.71939,0.26393,0.18685,349.0,0.24963,0.01477,0.18759,0.00295,0.01034,0.47267,0.06204,124.49486,128.01564,128.54009
2939,Sam Curran,MEDIUM_SEAM,0.0,1832,0.0202,0.00382,IPL_Men,128.91011,5.52013,88.4844,140.6088,126.1656,132.606,1687.0,0.0428,-0.0525,6.95232,0.33687,2.39951,-0.13599,0.79406,-0.08349,0.29484,1663.0,0.43068,0.02511,0.2107,0.00273,0.0595,0.07642,0.19487,129.1044,128.96112,128.48524
2942,George Garton,SEAM,0.0,97,0.05155,0.02062,IPL_Men,128.3061,9.19612,104.8428,139.0032,122.8185,134.6148,96.0,0.0717,0.18929,8.0493,0.33463,3.029,-0.05296,0.83045,-0.24225,0.30358,93.0,0.25773,0.02062,0.34021,0.03093,0.13402,0.03093,0.18557,126.9388,129.8146,128.26374
2946,Saqib Mahmood,FAST_SEAM,1.0,124,0.00806,0.0,IPL_Men,137.57573,2.75628,124.4916,143.7948,135.9936,139.383,123.0,0.02,-0.43551,8.01387,0.15594,1.90145,-0.18677,0.90471,0.24874,0.18933,122.0,0.39516,0.0,0.45968,0.00806,0.04032,0.01613,0.08065,136.64838,139.26228,138.07426
2964,Khaleel Ahmed,MEDIUM_SEAM,0.0,978,0.03579,0.00409,IPL_Men,131.79746,7.71734,98.3268,147.384,125.1432,137.7306,875.0,0.0586,0.02213,7.93269,0.38993,2.18334,-0.17624,0.9186,-0.19837,0.3124,857.0,0.32515,0.01431,0.40184,0.00102,0.06646,0.1002,0.091,129.57882,132.39776,133.70243
2970,Mahipal Lomror,ORTHODOX,0.0,61,0.01639,0.0,IPL_Men,93.06576,4.42853,84.2508,102.9528,90.2862,96.111,60.0,0.0476,-0.18432,5.30125,0.24259,1.64842,0.01847,0.58037,0.20278,0.10766,60.0,0.4918,0.03279,0.06557,0.0,0.0,0.0,0.40984,84.6049,93.11132,92.56464
2973,Washington Sundar,OFF_SPIN,1.0,925,0.00757,0.00108,IPL_Men,95.72768,6.071,75.4416,121.986,92.4534,100.26,843.0,0.0634,-0.02276,5.52128,0.29544,1.21088,-0.01769,0.71352,0.00507,0.28124,842.0,0.48541,0.00757,0.01081,0.0,0.0,0.07568,0.42054,90.31497,96.83072,97.44611
2983,Joshua Little,FAST_SEAM,0.0,287,0.03833,0.0,IPL_Men,131.11322,5.42215,101.286,138.1608,130.32,133.8948,159.0,0.0414,-0.00443,8.4844,0.23593,2.04717,-0.26984,0.95901,-0.2654,0.16604,159.0,0.1777,0.0,0.25784,0.00348,0.07317,0.44251,0.0453,130.198,131.7563,132.46689
2987,Harry Tector,unknown,0.0,39,0.05128,0.0,IPL_Men,86.27817,2.80645,81.5256,94.4208,84.4425,87.9129,38.0,0.0325,-0.53774,4.34211,0.17524,1.21585,-0.09924,0.66384,0.4385,0.26686,38.0,0.15385,0.07692,0.0,0.0,0.0,0.0,0.76923,86.27817,121.7758,129.56412
3013,Sandeep Lamichhane,LEG_SPIN,1.0,211,0.00474,0.0,IPL_Men,86.53559,3.56271,71.9424,99.936,84.5028,88.749,211.0,0.0412,-0.20662,5.06001,0.19464,1.23539,-0.04904,0.6361,0.15757,0.23051,211.0,0.33175,0.0,0.01896,0.0,0.0,0.0,0.64929,87.26124,86.05046,86.74905
3027,Glenn Phillips,SEAM,1.0,13,0.07692,0.0,IPL_Men,98.6982,2.01774,93.6468,101.2356,97.8201,99.7299,12.0,0.0204,0.08867,4.772,0.26483,1.26028,-0.09525,0.53425,-0.18392,0.14077,12.0,0.30769,0.0,0.0,0.0,0.0,0.07692,0.61538,124.25422,98.6982,128.92869
3028,Rachin Ravindra,unknown,0.0,61,0.0,0.0,IPL_Men,90.64782,3.35301,83.3472,97.9596,88.9272,91.9944,60.0,0.037,-0.1136,4.83987,0.20786,1.28119,-0.06648,0.5779,0.04712,0.17073,60.0,0.2623,0.01639,0.0,0.0,0.0,0.0,0.72131,90.64782,121.7758,129.56412
3046,Shadab Khan,LEG_SPIN,1.0,2264,0.00442,0.00044,IPL_Men,86.29415,3.49861,71.3088,102.258,84.1851,88.407,1268.0,0.0405,-0.08507,4.51607,0.27197,1.37891,-0.18359,0.68093,-0.09852,0.23029,1267.0,0.12014,0.01855,0.00486,0.0,0.0,0.43595,0.42049,86.12623,87.73697,92.7654
3052,Scott Cameron,unknown,0.0,73,0.0137,0.0,IPL_Men,93.14175,4.71673,82.7676,124.2612,90.5796,97.596,105.0,0.0434,-0.12505,5.4521,0.25363,1.58025,-0.04709,0.70603,0.09138,0.20212,105.0,0.0,0.0,0.0,0.0,0.0,1.0,0.0,90.39757,121.7758,129.56412
3070,Wiaan Mulder,MEDIUM_SEAM,1.0,407,0.02457,0.01474,IPL_Men,128.95108,5.20817,114.0156,143.838,125.0784,133.2144,289.0,0.0404,0.02931,7.4681,0.42158,1.92837,0.00741,0.79777,-0.0219,0.29566,289.0,0.36364,0.0,0.2113,0.00246,0.03931,0.28747,0.09582,127.92556,131.93061,130.39351
3082,Wanindu Hasaranga,LEG_SPIN,1.0,533,0.00563,0.00563,IPL_Men,83.57255,3.67572,67.4136,96.2028,81.2817,85.7403,508.0,0.044,-0.1336,4.53256,0.19878,1.35434,-0.12922,0.63941,0.00437,0.23926,507.0,0.22139,0.02627,0.01689,0.0,0.0,0.02814,0.70732,83.22629,84.66503,87.14844
3083,Asitha Fernando,unknown,0.0,49,0.02041,0.0,IPL_Men,134.8333,2.91936,128.826,140.994,133.1604,136.6524,49.0,0.0217,-0.29274,8.15817,0.17038,2.45862,-0.11598,0.8837,0.17677,0.13129,47.0,0.36735,0.02041,0.32653,0.0,0.14286,0.04082,0.10204,133.90219,134.2956,135.70485
3085,Lahiru Kumara,FAST_SEAM,1.0,3105,0.01417,0.00225,IPL_Men,138.01822,5.19421,92.6676,152.4312,135.315,141.4584,2242.0,0.0376,-0.2343,8.3171,0.38698,2.80743,0.0098,0.95492,0.2441,0.31558,2202.0,0.18325,0.01449,0.27987,0.00483,0.13076,0.28277,0.10403,137.80175,138.98547,138.46218
3086,Kamindu Mendis,OFF_SPIN,1.0,90,0.01111,0.0,IPL_Men,85.78186,2.83982,80.7912,92.4084,84.4524,87.336,17.0,0.0331,0.12141,4.32476,0.27639,1.45667,0.06559,0.60994,-0.05582,0.089,17.0,0.04444,0.01111,0.0,0.0,0.0,0.8,0.14444,85.67964,85.78186,88.28374
3098,Alzarri Joseph,FAST_SEAM,1.0,2862,0.01817,0.00419,IPL_Men,135.49238,4.72118,107.8416,148.0284,133.0263,138.5604,2380.0,0.0348,-0.33937,7.65425,0.30538,2.23994,-0.09324,0.9255,0.24612,0.23678,2367.0,0.34696,0.00908,0.31097,0.00175,0.06184,0.14675,0.12264,135.12171,136.33154,135.81507
3100,Obed McCoy,unknown,0.0,56,0.03571,0.0,IPL_Men,131.3307,6.0586,108.9072,139.3344,129.5739,134.7417,48.0,0.0461,0.25308,7.74619,0.31903,2.16127,-0.10469,0.91681,-0.35777,0.20099,48.0,0.30357,0.0,0.48214,0.01786,0.01786,0.05357,0.125,130.6022,133.5162,129.56412
3101,Keemo Paul,FAST_SEAM,1.0,814,0.02948,0.01843,IPL_Men,127.0891,9.03269,95.9688,140.3316,125.5266,132.606,644.0,0.0711,-0.25127,7.26418,0.39914,2.42211,-0.12747,0.8283,0.12379,0.28411,634.0,0.35258,0.01843,0.22727,0.00246,0.05037,0.20516,0.14373,127.24755,126.65994,135.92263
3106,Brandon Mavuta,LEG_SPIN,1.0,418,0.03349,0.0,IPL_Men,84.13504,3.91694,72.6444,96.6636,81.7722,86.5134,271.0,0.0466,-0.05888,4.10816,0.32791,1.42707,-0.0912,0.64084,-0.03232,0.20951,270.0,0.10526,0.04785,0.00239,0.0,0.0,0.33254,0.51196,83.93132,86.9984,88.8083
3116,Richard Ngarava,unknown,0.0,323,0.04954,0.00619,IPL_Men,127.5471,4.39645,117.828,134.658,124.7292,130.7187,32.0,0.0345,0.42112,7.90288,0.21698,2.00852,0.29869,0.80862,-0.12244,0.17211,32.0,0.03096,0.0,0.05573,0.0,0.0,0.90093,0.01238,124.03717,129.34646,130.2999
3122,Naveen-ul-Haq,MEDIUM_SEAM,1.0,179,0.02793,0.00559,IPL_Men,116.59638,11.87296,94.9968,131.3532,102.2292,125.7255,104.0,0.1018,-0.62943,7.10066,0.18997,1.82522,-0.2752,0.71411,0.35423,0.17256,104.0,0.31844,0.00559,0.15642,0.00559,0.00559,0.41899,0.08939,113.43514,115.63243,118.5062
3125,Afy Fletcher,LEG_SPIN,1.0,54,0.0,0.0,IPL_Men,71.50103,2.86754,65.07,81.702,69.7284,72.972,53.0,0.0401,-0.17017,3.85238,0.22291,1.02773,-0.4014,0.6913,-0.23123,0.17414,53.0,0.05556,0.05556,0.0,0.0,0.0,0.01852,0.87037,71.50103,86.51212,88.8083
3126,Hayley Matthews,OFF_SPIN,1.0,31,0.03226,0.0,IPL_Men,79.16784,6.1437,66.87,95.2776,75.609,81.4014,30.0,0.0776,-0.22183,4.3215,0.29163,1.45106,-0.21983,0.55963,0.002,0.16707,30.0,0.16129,0.03226,0.0,0.0,0.0,0.03226,0.77419,70.845,79.5432,82.9539
3153,Asela Gunaratne,unknown,1.0,680,0.01324,0.0,IPL_Men,89.64588,8.45838,75.3336,121.5864,85.554,90.513,590.0,0.0944,-0.11031,5.19857,0.33854,1.42987,0.05769,0.65406,0.168,0.33609,590.0,0.36176,0.01471,0.02059,0.0,0.0,0.11912,0.48382,89.78434,86.8505,93.7722
3154,Kasun Rajitha,MEDIUM_SEAM,1.0,1186,0.01518,0.00927,IPL_Men,131.80467,6.77066,102.2796,141.6312,130.8411,135.7704,306.0,0.0514,-0.18151,7.03636,0.36264,2.0078,-0.04161,0.80332,0.1399,0.21887,306.0,0.12226,0.00506,0.07841,0.0,0.00675,0.73777,0.04975,131.54578,130.92738,133.90607
3159,Chemar Holder,unknown,0.0,20,0.0,0.1,IPL_Men,132.25176,2.3976,127.5876,136.098,130.5,133.8777,20.0,0.0181,-0.0956,6.78455,0.25363,2.02928,0.2853,0.8523,0.3809,0.20276,20.0,0.35,0.0,0.3,0.0,0.0,0.0,0.35,90.39757,131.61034,132.59714
3160,Leigh Kasperek,OFF_SPIN,1.0,37,0.02703,0.0,IPL_Men,69.30298,4.68469,54.9216,77.8536,66.3408,72.1296,35.0,0.0676,-0.07549,5.10471,0.34631,0.96076,-0.02629,0.52086,0.0492,0.2582,35.0,0.2973,0.0,0.0,0.0,0.0,0.05405,0.64865,66.9486,70.4343,69.33536
3168,Rajeshwari Gayakwad,ORTHODOX,0.0,206,0.00485,0.00485,IPL_Men,72.99337,4.00136,60.9912,85.9176,70.3548,75.2112,191.0,0.0548,-0.17467,4.63585,0.29545,1.08143,-0.19973,0.59388,-0.02506,0.20681,191.0,0.17476,0.0,0.0,0.0,0.0,0.0534,0.77184,72.09047,73.59007,86.95849
3171,Brad Wheal,FAST_SEAM,1.0,49,0.0,0.02041,IPL_Men,134.0816,5.53134,96.5088,146.3616,131.6394,137.4498,654.0,0.0422,-0.21855,7.41587,0.31966,2.22643,-0.07887,0.84743,0.16009,0.24405,645.0,0.0,0.0,0.0,0.0,0.0,1.0,0.0,133.159,134.49967,135.56306
3178,Shivil Kaushik,UNORTHODOX,0.0,210,0.02381,0.00476,IPL_Men,95.75593,4.63186,73.5804,103.7664,93.6792,99.1368,205.0,0.0484,-0.24236,5.499,0.32724,2.00751,-0.23258,0.7099,0.00978,0.19525,204.0,0.38095,0.04286,0.1,0.0,0.00476,0.02381,0.44762,94.0674,96.37296,94.09154
3180,Swapnil Singh,SEAM,0.0,61,0.01639,0.0,IPL_Men,93.33146,7.2756,77.3388,106.7112,88.5384,99.2628,59.0,0.078,-0.13878,5.74638,0.33691,1.48187,-0.00186,0.64512,0.13691,0.22671,58.0,0.63934,0.03279,0.03279,0.0,0.01639,0.01639,0.2623,91.1604,93.57725,128.92869
3183,Krunal Pandya,ORTHODOX,0.0,1606,0.03113,0.00187,IPL_Men,95.14232,7.31549,73.2852,135.6624,90.9468,99.0972,1529.0,0.0769,-0.05677,5.39289,0.28166,1.54932,0.05142,0.66786,0.10819,0.17879,1505.0,0.48319,0.04172,0.01494,0.00062,0.00125,0.033,0.42528,95.41711,94.98537,95.4841
3186,Nathu Singh,SEAM,1.0,25,0.04,0.0,IPL_Men,137.00102,7.65621,110.7756,144.5328,136.854,141.2892,25.0,0.0559,-0.1872,7.2264,0.37654,2.92913,0.01768,0.79296,0.20488,0.1841,25.0,0.2,0.04,0.44,0.04,0.0,0.0,0.28,124.25422,123.17136,137.00102
3187,Murugan Ashwin,LEG_SPIN,1.0,694,0.02882,0.00288,IPL_Men,89.70523,4.47886,71.5032,107.3412,87.714,92.3436,681.0,0.0499,-0.20608,5.19197,0.27767,1.67495,-0.10999,0.66752,0.09609,0.31896,680.0,0.39193,0.03458,0.04323,0.0,0.00288,0.01153,0.51585,88.77187,89.91328,93.21588
3188,Pravin Dubey,LEG_SPIN,1.0,48,0.0,0.0,IPL_Men,86.73416,2.45525,80.7048,91.674,84.978,88.6968,45.0,0.0283,-0.1008,4.49853,0.20871,1.21778,0.04433,0.62209,0.14513,0.19316,45.0,0.14583,0.0,0.02083,0.0,0.0,0.02083,0.8125,87.678,86.58895,88.8083
3192,Deepti Sharma,OFF_SPIN,1.0,568,0.0088,0.0,IPL_Men,73.10808,4.33258,62.4024,86.8248,69.5466,76.3398,464.0,0.0593,-0.3155,4.38405,0.33041,1.07346,-0.11821,0.58591,0.19729,0.17756,463.0,0.10915,0.0088,0.00176,0.0,0.0,0.16901,0.71127,72.45566,73.60543,76.1004
3195,Mohammad Nawaz,ORTHODOX,0.0,913,0.00767,0.0011,IPL_Men,88.65728,3.97325,72.4176,102.4344,86.0742,91.0044,647.0,0.0448,-0.02966,4.76142,0.25703,1.25454,-0.054,0.61234,-0.02434,0.19812,647.0,0.20701,0.01314,0.0011,0.0,0.0,0.22892,0.54984,88.49577,90.39574,86.95849
3196,Rumman Raees,unknown,0.0,328,0.01829,0.0061,IPL_Men,131.66013,5.69893,108.5832,141.1452,130.0374,134.8146,139.0,0.0433,0.25329,7.22152,0.2405,1.70875,0.10788,0.76673,-0.14541,0.21689,139.0,0.2439,0.00305,0.1189,0.00305,0.00305,0.57622,0.05183,128.3328,131.60776,133.26045
3199,Ama Kanchana,FAST_SEAM,1.0,42,0.0,0.0,IPL_Men,100.04014,2.24375,94.0752,103.6584,98.5284,102.006,42.0,0.0224,-0.22434,5.18612,0.2861,2.37804,-0.14793,0.50073,0.07641,0.14194,41.0,0.40476,0.09524,0.07143,0.0,0.0,0.0,0.42857,100.04014,134.49967,135.56306
3217,Qadeer Ahmed,MEDIUM_SEAM,1.0,90,0.01111,0.05556,IPL_Men,125.53649,5.94583,95.0076,138.3156,122.4234,130.4874,155.0,0.0487,-0.20067,7.09016,0.31074,2.10741,-0.05226,0.78551,0.15745,0.21767,155.0,0.0,0.0,0.0,0.0,0.0,1.0,0.0,124.38227,127.43109,130.39351
3257,Tushar Deshpande,SEAM,0.0,110,0.06364,0.00909,IPL_Men,135.74507,8.1155,113.0292,145.9692,133.767,141.2802,107.0,0.0598,-0.2134,7.12458,0.336,2.94507,0.03885,0.78502,0.25225,0.23018,100.0,0.2,0.06364,0.4,0.0,0.04545,0.08182,0.20909,135.75044,135.84107,135.6388
3309,Tabraiz Shamsi,UNORTHODOX,0.0,1206,0.00995,0.0,IPL_Men,84.77709,4.20659,72.1548,106.0596,82.1403,87.255,658.0,0.0496,0.0343,4.62975,0.22503,1.27048,0.0604,0.65,0.02609,0.20585,658.0,0.13516,0.00995,0.00415,0.0,0.0,0.44776,0.40299,84.33717,86.56386,88.60521
3310,Jake Ball,FAST_SEAM,1.0,1145,0.01747,0.00175,IPL_Men,135.40383,5.53134,109.8288,150.1308,133.1109,138.9222,972.0,0.0409,-0.27859,7.59157,0.42105,1.9687,-0.07374,0.91963,0.20485,0.30643,969.0,0.40437,0.00786,0.29869,0.0,0.04891,0.14323,0.09694,133.69752,136.4829,138.05595
3311,Chaminda Bandara,unknown,0.0,49,0.02041,0.0,IPL_Men,93.14175,4.71673,82.7676,124.2612,90.5796,97.596,105.0,0.0434,-0.12505,5.4521,0.25363,1.58025,-0.04709,0.70603,0.09138,0.20212,105.0,0.0,0.0,0.0,0.0,0.0,1.0,0.0,90.39757,121.7758,129.56412
3312,Jeet Raval,LEG_SPIN,1.0,6,0.0,0.0,IPL_Men,84.972,4.40062,72.4644,99.936,82.0953,87.7014,211.0,0.0503,-0.08933,4.6966,0.25709,1.39268,-0.09994,0.65327,-0.02183,0.21974,208.0,0.0,0.0,0.0,0.0,0.0,1.0,0.0,84.76393,86.51212,88.8083
3313,Barry McCarthy,MEDIUM_SEAM,1.0,893,0.02352,0.00224,IPL_Men,128.18265,7.07929,104.0076,139.608,126.3132,132.2748,137.0,0.0552,-0.24202,6.97774,0.29009,2.41998,-0.08063,0.79319,0.16139,0.23431,135.0,0.05263,0.00448,0.05039,0.0,0.00896,0.84546,0.03807,125.30335,131.79588,130.70034
3316,Mark Adair,FAST_SEAM,1.0,423,0.01655,0.00473,IPL_Men,128.16432,5.05108,102.9528,136.3248,126.5958,131.2902,216.0,0.0394,-0.12603,7.0343,0.36794,1.94753,-0.0559,0.8223,0.07013,0.26415,216.0,0.29314,0.0,0.10638,0.0,0.02364,0.48936,0.08747,126.79041,129.29278,128.56166
3318,Dawid Malan,LEG_SPIN,1.0,122,0.0,0.0,IPL_Men,84.972,4.40062,72.4644,99.936,82.0953,87.7014,211.0,0.0503,-0.08933,4.6966,0.25709,1.39268,-0.09994,0.65327,-0.02183,0.21974,208.0,0.0,0.0,0.0,0.0,0.0,1.0,0.0,84.76393,86.51212,88.8083
3319,Tymal Mills,SEAM,0.0,111,0.03604,0.0,IPL_Men,131.5382,15.29503,96.8796,150.3756,114.4368,142.155,103.0,0.1163,-0.05684,8.45487,0.50367,2.96909,-0.01261,0.96137,0.04423,0.39543,101.0,0.20721,0.02703,0.38739,0.00901,0.17117,0.06306,0.13514,127.12007,129.23656,138.79162
3320,Toby Roland-Jones,unknown,0.0,42,0.0,0.0,IPL_Men,133.82966,1.42786,130.9896,137.358,132.7383,134.8623,42.0,0.0107,-0.13933,7.08188,0.20871,1.73874,0.24767,0.80686,0.387,0.1573,42.0,0.47619,0.02381,0.40476,0.0,0.0,0.0,0.09524,133.517,135.7056,129.56412
3321,Roston Chase,OFF_SPIN,1.0,3461,0.00289,0.00029,IPL_Men,86.39561,4.94089,69.894,139.8492,83.475,89.2314,2727.0,0.0572,-0.17081,4.45268,0.33358,1.08673,0.05062,0.73436,0.22143,0.23597,2727.0,0.1254,0.01156,0.00144,0.0,0.0,0.19561,0.66599,86.04213,88.75395,88.05679
3323,Prince Masvaure,FAST_SEAM,0.0,112,0.04464,0.04464,IPL_Men,134.0816,5.53134,96.5088,146.3616,131.6394,137.4498,654.0,0.0422,-0.21855,7.41587,0.31966,2.22643,-0.07887,0.84743,0.16009,0.24405,645.0,0.0,0.0,0.0,0.0,0.0,1.0,0.0,133.159,134.49967,135.56306
3325,Hasan Ali,MEDIUM_SEAM,1.0,3524,0.01163,0.00653,IPL_Men,134.66479,5.10308,84.5388,146.4984,132.4368,138.0114,2307.0,0.0379,-0.15139,7.5575,0.40025,2.25201,-0.03472,0.79781,0.11667,0.29582,2287.0,0.3286,0.00738,0.18076,0.00426,0.05846,0.3357,0.08485,134.27905,135.14776,136.12241
3326,Amila Aponso,unknown,0.0,371,0.02156,0.0,IPL_Men,84.0842,4.67467,69.75,98.208,81.3843,86.7249,316.0,0.0556,-0.05187,4.39872,0.25774,0.88259,-0.0416,0.62195,0.01027,0.20236,315.0,0.09973,0.00809,0.0027,0.0,0.0,0.10512,0.78437,84.21917,83.31073,85.8497
3328,Jacob Mulder,MEDIUM_SEAM,1.0,149,0.03356,0.0,IPL_Men,125.53649,5.94583,95.0076,138.3156,122.4234,130.4874,155.0,0.0487,-0.20067,7.09016,0.31074,2.10741,-0.05226,0.78551,0.15745,0.21767,155.0,0.0,0.0,0.0,0.0,0.0,1.0,0.0,124.38227,127.43109,130.39351
3330,Ehsan Khan,OFF_SPIN,1.0,97,0.01031,0.0,IPL_Men,92.6829,3.38872,85.7052,102.3372,90.522,94.554,96.0,0.0366,0.04664,5.35624,0.37245,1.13246,0.14755,0.63838,0.10092,0.28521,96.0,0.49485,0.01031,0.0,0.0,0.0,0.01031,0.48454,93.61253,91.48766,88.28374
3333,Rovman Powell,MEDIUM_SEAM,1.0,166,0.0,0.0,IPL_Men,118.89708,2.83024,102.7944,125.1612,117.522,120.4776,149.0,0.0238,-0.27494,7.35717,0.26062,1.50867,-0.07654,0.77307,0.1984,0.19785,149.0,0.46386,0.0,0.34337,0.0,0.0,0.09639,0.09639,118.89708,127.43109,130.39351
3334,Kesrick Williams,MEDIUM_SEAM,1.0,155,0.03226,0.0,IPL_Men,126.61983,10.16388,103.896,138.8628,122.3982,134.109,155.0,0.0803,-0.48079,7.85099,0.2466,2.37766,-0.07826,0.8981,0.40252,0.19486,155.0,0.29032,0.01935,0.45161,0.00645,0.06452,0.0,0.16774,126.22539,128.26332,130.39351
3335,Gareth Batty,OFF_SPIN,1.0,230,0.0,0.0,IPL_Men,85.61331,3.33934,73.7316,100.26,83.808,87.1344,217.0,0.039,0.04024,4.21336,0.23204,1.04112,0.12639,0.66776,0.08615,0.28139,217.0,0.08261,0.01304,0.0,0.0,0.0,0.03913,0.86522,85.71049,85.37134,85.51453
3337,Sophie Ecclestone,ORTHODOX,0.0,831,0.00602,0.0,IPL_Men,79.03137,4.90848,58.5792,95.2416,75.9123,81.5301,760.0,0.0621,-0.00819,4.35562,0.28546,1.3106,-0.01361,0.61815,-0.00543,0.20131,759.0,0.17088,0.03971,0.00241,0.0,0.0,0.06619,0.72082,78.61081,79.6405,81.5955
3338,Alex Hartley,ORTHODOX,0.0,229,0.00437,0.0,IPL_Men,71.4507,2.63806,64.854,80.1468,69.8904,72.8514,219.0,0.0369,-0.17428,4.3531,0.21384,1.17074,-0.10271,0.57481,0.07157,0.11807,219.0,0.1048,0.0131,0.00437,0.0,0.0,0.04367,0.83406,71.4507,86.35378,86.95849
3363,Jack Leach,ORTHODOX,0.0,2399,0.0,0.00208,IPL_Men,84.8975,3.63489,71.586,95.3316,82.3509,87.3828,1898.0,0.0428,0.00651,4.35191,0.27071,0.94574,-0.12598,0.7219,-0.13249,0.21431,1897.0,0.08504,0.00667,0.0,0.0,0.0,0.18508,0.72322,84.9582,84.69022,84.39167
3414,Olly Stone,FAST_SEAM,1.0,214,0.01869,0.0,IPL_Men,140.40242,5.05851,113.6988,150.3936,138.699,143.2602,131.0,0.036,-0.26807,7.63916,0.29804,2.13506,-0.12573,0.91395,0.14234,0.24343,130.0,0.28037,0.00935,0.25234,0.0,0.05607,0.32243,0.07944,140.30323,140.899,139.80616
3415,Tom Sole,OFF_SPIN,1.0,78,0.03846,0.01282,IPL_Men,85.76454,4.76166,70.4754,101.4408,83.2446,88.5663,253.5,0.0577,-0.08388,4.67617,0.31081,1.21174,0.02247,0.65099,0.08884,0.23035,252.0,0.0,0.0,0.0,0.0,0.0,1.0,0.0,85.67964,86.56654,88.28374
3493,Tom Westley,OFF_SPIN,1.0,24,0.0,0.0,IPL_Men,79.41474,3.58506,74.6424,85.8492,77.0193,82.0188,20.0,0.0451,-0.4848,4.32975,0.1294,0.77291,-0.1798,0.66195,0.305,0.21033,20.0,0.08333,0.0,0.0,0.0,0.0,0.125,0.79167,79.41474,86.56654,88.28374
3502,Jofra Archer,FAST_SEAM,1.0,2302,0.01825,0.00478,IPL_Men,139.56845,8.25412,98.298,154.53,136.9512,145.0251,1900.0,0.0591,-0.19363,7.707,0.28484,2.58217,-0.08289,0.99308,0.11074,0.23757,1840.0,0.2841,0.01998,0.28975,0.00174,0.09123,0.18419,0.12902,137.82082,140.81255,141.26375
3561,Keaton Jennings,MEDIUM_SEAM,1.0,43,0.0,0.0,IPL_Men,120.19452,4.86202,98.9532,126.882,117.018,123.2712,41.0,0.0405,-0.32854,6.01954,0.23454,2.09976,-0.19998,0.6998,0.12856,0.16477,41.0,0.37209,0.02326,0.18605,0.0,0.0,0.0,0.4186,120.19452,127.43109,130.39351
3611,Joe Denly,LEG_SPIN,1.0,152,0.01316,0.0,IPL_Men,82.87309,3.55886,71.2908,91.6776,80.3673,85.203,148.0,0.0429,0.0887,4.24367,0.35663,1.33338,-0.02211,0.64182,-0.11081,0.25474,148.0,0.17763,0.04605,0.0,0.0,0.0,0.01316,0.76316,82.55442,85.1746,88.8083
3644,Liam Livingstone,LEG_SPIN,1.0,24,0.0,0.0,IPL_Men,88.41585,4.83775,80.7444,96.084,84.042,91.9908,24.0,0.0547,0.12775,4.80104,0.2674,1.94658,0.0035,0.674,-0.12425,0.14818,24.0,0.375,0.08333,0.0,0.0,0.0,0.0,0.54167,87.5304,91.0722,88.8083
3646,Tom Curran,FAST_SEAM,1.0,1108,0.02076,0.00361,IPL_Men,127.62911,9.20026,100.26,142.2432,124.1244,133.938,646.0,0.0721,-0.25007,7.35336,0.30219,2.51148,-0.02081,0.85638,0.22926,0.19939,618.0,0.22834,0.01895,0.19314,0.00361,0.0361,0.4278,0.09206,127.49581,127.12035,132.84175
3671,Dom Bess,OFF_SPIN,1.0,836,0.0,0.0012,IPL_Men,85.74291,3.4522,74.844,101.4444,83.3715,87.6825,728.0,0.0403,-0.10051,4.25718,0.31088,1.17551,0.10672,0.73463,0.20723,0.21254,726.0,0.11722,0.03469,0.0012,0.0,0.0,0.11842,0.72847,85.71279,86.15967,83.1858
3703,Sophia Dunkley,LEG_SPIN,1.0,6,0.0,0.0,IPL_Men,64.6452,4.29629,58.9572,70.7148,61.9209,67.1463,6.0,0.0665,-0.181,5.59633,0.514,0.74604,-0.425,0.65517,-0.244,0.28939,6.0,0.5,0.0,0.0,0.0,0.0,0.0,0.5,64.6452,86.51212,88.8083
3706,Mosharraf Hossain,ORTHODOX,0.0,66,0.0,0.0,IPL_Men,88.90454,3.07167,81.7488,95.7276,87.8364,90.54,17.0,0.0346,0.01129,4.68188,0.1534,0.96919,0.01818,0.66888,0.00688,0.06139,17.0,0.04545,0.0,0.0,0.0,0.0,0.72727,0.22727,88.90454,86.35378,86.95849
3710,Sunzamul Islam,ORTHODOX,0.0,310,0.00645,0.0,IPL_Men,81.50019,4.15204,71.6184,95.7384,78.8526,84.2346,171.0,0.0509,-0.18346,4.25014,0.19399,1.04937,-0.17723,0.66121,0.00623,0.16843,171.0,0.05484,0.0129,0.0,0.0,0.0,0.44516,0.4871,81.49683,80.0787,83.22732
3711,Ebadot Hossain,FAST_SEAM,1.0,528,0.01326,0.0,IPL_Men,132.42541,4.93585,106.7688,143.6796,129.5712,135.5346,319.0,0.0373,-0.31729,7.94375,0.30292,1.93904,-0.07513,0.89822,0.24216,0.29675,319.0,0.28598,0.00189,0.22538,0.00189,0.03977,0.38636,0.05871,131.91535,134.69924,134.06204
3715,Abu Jayed,FAST_SEAM,1.0,1315,0.0076,0.00304,IPL_Men,126.62318,4.17875,98.7948,137.8404,124.1334,129.3174,815.0,0.033,-0.24247,6.83502,0.38104,1.94333,-0.14909,0.72,0.09338,0.2399,815.0,0.33004,0.00684,0.14068,0.00076,0.01673,0.37414,0.1308,126.08022,128.00762,127.67907
3720,Subashis Roy,MEDIUM_SEAM,1.0,674,0.00742,0.00297,IPL_Men,131.6478,3.48382,119.4624,140.9976,129.4983,134.0694,470.0,0.0265,-0.28275,7.80841,0.26031,2.13735,-0.05197,0.86981,0.23078,0.23455,468.0,0.3368,0.00445,0.21365,0.00148,0.07122,0.2997,0.0727,131.13102,133.44686,132.77489
3723,Carl Mumba,FAST_SEAM,1.0,427,0.00234,0.0,IPL_Men,130.04303,7.30258,75.1644,140.5152,128.2932,133.5114,408.0,0.0562,-0.2652,7.1985,0.31722,2.40454,-0.06932,0.78246,0.19588,0.22458,407.0,0.363,0.01874,0.33489,0.0,0.06323,0.00703,0.21311,128.86195,132.10961,132.30208
3728,Matt Renshaw,OFF_SPIN,1.0,18,0.0,0.0,IPL_Men,85.76454,4.76166,70.4754,101.4408,83.2446,88.5663,253.5,0.0577,-0.08388,4.67617,0.31081,1.21174,0.02247,0.65099,0.08884,0.23035,252.0,0.0,0.0,0.0,0.0,0.0,1.0,0.0,85.67964,86.56654,88.28374
3729,Lockie Ferguson,FAST_SEAM,1.0,1877,0.04742,0.00533,IPL_Men,142.24785,6.83652,105.768,153.8424,140.4612,146.1456,909.0,0.0481,-0.30551,8.06815,0.37989,2.89941,-0.06134,0.93145,0.24418,0.36411,876.0,0.12467,0.01918,0.187,0.0016,0.07778,0.52318,0.0666,141.37845,143.37563,142.32841
3733,Imran Haider,LEG_SPIN,1.0,138,0.00725,0.0,IPL_Men,84.972,4.40062,72.4644,99.936,82.0953,87.7014,211.0,0.0503,-0.08933,4.6966,0.25709,1.39268,-0.09994,0.65327,-0.02183,0.21974,208.0,0.0,0.0,0.0,0.0,0.0,1.0,0.0,84.76393,86.51212,88.8083
3738,Theunis de Bruyn,MEDIUM_SEAM,1.0,85,0.0,0.01176,IPL_Men,103.65041,18.107,74.3904,136.9872,84.3192,118.8576,73.0,0.1747,-0.10736,5.94738,0.34111,2.01347,0.05968,0.74142,0.16704,0.24972,72.0,0.38824,0.04706,0.12941,0.0,0.0,0.15294,0.28235,103.65041,127.43109,130.39351
3740,Tanbir Hayder,LEG_SPIN,1.0,48,0.0,0.0,IPL_Men,84.972,4.40062,72.4644,99.936,82.0953,87.7014,211.0,0.0503,-0.08933,4.6966,0.25709,1.39268,-0.09994,0.65327,-0.02183,0.21974,208.0,0.0,0.0,0.0,0.0,0.0,1.0,0.0,84.76393,86.51212,88.8083
3744,Duanne Olivier,FAST_SEAM,1.0,1186,0.00506,0.00337,IPL_Men,135.49913,4.14599,116.4852,147.7908,132.7464,138.1842,506.0,0.0306,-0.30435,7.69355,0.266,2.1458,-0.03599,0.94407,0.26835,0.2465,504.0,0.17285,0.00084,0.16273,0.0,0.02614,0.56998,0.06745,134.89372,136.83406,138.19875
3746,Lungi Ngidi,FAST_SEAM,1.0,1800,0.02111,0.00333,IPL_Men,134.28957,6.56835,108.2412,146.034,132.8571,138.1572,1038.0,0.0489,-0.28471,7.44147,0.37757,2.06774,-0.01659,0.86452,0.26812,0.27697,1029.0,0.24667,0.01,0.21611,0.0,0.02056,0.42,0.08667,133.76844,134.14429,135.91048
3747,Dane Paterson,FAST_SEAM,1.0,169,0.02367,0.0,IPL_Men,135.04311,4.47365,114.336,141.9084,133.0092,138.114,77.0,0.0331,-0.27343,7.58014,0.28397,2.07266,-0.05836,0.84743,0.21506,0.21033,77.0,0.23669,0.0,0.13018,0.0,0.04734,0.52663,0.05917,133.34093,135.306,136.7327
3751,Sneh Rana,OFF_SPIN,1.0,206,0.0,0.00971,IPL_Men,73.01984,2.79266,65.7936,85.2444,71.1576,74.5398,83.0,0.0382,-0.35364,4.16017,0.20529,1.00251,-0.11433,0.59667,0.23931,0.13548,83.0,0.03398,0.00971,0.0,0.0,0.0,0.59709,0.35922,73.01984,86.56654,88.28374
3756,Amelia Kerr,LEG_SPIN,1.0,67,0.0,0.01493,IPL_Men,71.23708,2.19748,64.3716,75.0924,70.515,72.441,64.0,0.0308,-0.43152,4.602,0.25919,1.36133,-0.48517,0.67167,-0.05366,0.18159,64.0,0.22388,0.02985,0.01493,0.0,0.0,0.02985,0.70149,72.03396,70.53395,88.8083
3760,Abhishek Sharma,ORTHODOX,0.0,137,0.0292,0.0073,IPL_Men,85.72623,4.0028,75.7872,95.1048,83.0727,88.4547,132.0,0.0467,0.07215,5.11988,0.28064,1.28529,0.02217,0.62424,-0.04998,0.19647,132.0,0.34307,0.0073,0.0073,0.0,0.0,0.0146,0.62774,82.7928,85.90307,85.5129
3763,Rahul Chahar,LEG_SPIN,1.0,917,0.01854,0.0,IPL_Men,90.15897,4.40062,76.896,106.5132,86.8932,93.2724,897.0,0.0488,-0.09313,5.43849,0.24167,1.35854,-0.1114,0.72175,-0.01827,0.23633,896.0,0.45147,0.00545,0.02617,0.0,0.0,0.01745,0.49945,89.96172,90.10268,91.566
3766,Kamlesh Nagarkoti,MEDIUM_SEAM,1.0,172,0.02326,0.0,IPL_Men,135.91645,8.30196,112.1976,146.3328,134.0289,141.4539,170.0,0.0611,-0.30436,7.81948,0.25526,2.43887,0.00652,0.8005,0.31088,0.19066,162.0,0.30233,0.01744,0.40116,0.0,0.07558,0.04651,0.15698,134.70186,135.88383,140.0889
3774,Anukul Roy,ORTHODOX,0.0,15,0.2,0.0,IPL_Men,88.66992,3.13198,83.8908,93.1176,86.6538,91.1556,15.0,0.0353,0.04793,4.63793,0.14316,1.65104,0.15387,0.67053,0.10593,0.11034,15.0,0.33333,0.06667,0.0,0.0,0.0,0.0,0.6,84.6049,88.66992,86.95849
3777,Ishan Porel,MEDIUM_SEAM,1.0,26,0.07692,0.0,IPL_Men,128.03898,8.01917,104.526,135.5688,128.7351,132.318,26.0,0.0626,-0.12842,7.38277,0.24386,1.37515,0.14785,0.87358,0.27627,0.18471,26.0,0.53846,0.0,0.34615,0.0,0.0,0.0,0.11538,124.38227,128.89966,127.17831
3779,Shivam Mavi,FAST_SEAM,1.0,545,0.04404,0.00734,IPL_Men,135.59418,9.30043,94.6944,149.868,134.8326,140.7357,516.0,0.0686,-0.40402,7.31325,0.29758,2.6122,-0.13247,0.78971,0.27155,0.2638,494.0,0.33761,0.03486,0.31193,0.0055,0.06606,0.07339,0.17064,132.36245,137.12569,136.92402
3781,Jhye Richardson,FAST_SEAM,1.0,765,0.01699,0.0,IPL_Men,134.23944,8.98341,95.49,145.0476,133.1631,139.2894,274.0,0.0669,-0.36147,7.56243,0.28496,2.44745,-0.12453,0.83198,0.23695,0.25097,268.0,0.15686,0.00915,0.11503,0.00131,0.03399,0.64575,0.03791,131.04803,134.37284,137.90834
3787,Lahiru Madushanka,FAST_SEAM,1.0,93,0.02151,0.01075,IPL_Men,123.67899,7.35348,108.3348,135.1044,117.8298,128.4354,91.0,0.0595,-0.19812,7.41587,0.24802,1.81856,-0.06502,0.87609,0.1331,0.21581,91.0,0.49462,0.0,0.36559,0.0,0.02151,0.0,0.11828,121.67534,126.23364,135.56306
3801,Fakhar Zaman,ORTHODOX,0.0,135,0.0,0.0,IPL_Men,84.77661,4.74195,74.4984,94.6944,81.4356,88.2756,87.0,0.0559,-0.20761,4.52979,0.17105,1.28175,-0.0584,0.60939,0.14921,0.13375,87.0,0.13333,0.03704,0.0,0.0,0.0,0.35556,0.47407,84.77661,86.35378,86.95849
3803,Chris Green,OFF_SPIN,1.0,17,0.0,0.0,IPL_Men,97.42848,4.54131,86.2416,105.102,95.8212,99.6246,15.0,0.0466,0.03033,4.57813,0.30378,2.05477,-0.2024,0.61947,-0.23273,0.17635,15.0,0.41176,0.17647,0.0,0.0,0.0,0.0,0.41176,95.18112,86.56654,98.55216
3808,Mir Hamza,MEDIUM_SEAM,0.0,90,0.0,0.0,IPL_Men,131.24921,3.00214,122.8104,136.7604,129.2274,133.389,87.0,0.0229,-0.04301,7.56078,0.40056,1.60964,-0.12147,0.71115,-0.07846,0.2824,87.0,0.5,0.0,0.38889,0.0,0.02222,0.01111,0.07778,131.17838,131.50152,130.95765
3822,Malinda Pushpakumara,ORTHODOX,0.0,660,0.0,0.0,IPL_Men,78.9272,5.1678,66.4416,100.224,75.0501,82.0161,640.0,0.0655,-0.08942,4.23312,0.21646,0.79848,-0.09699,0.6108,-0.00756,0.17585,639.0,0.05606,0.00455,0.0,0.0,0.0,0.01364,0.92576,78.7641,80.15266,80.86185
3824,Navdeep Saini,FAST_SEAM,1.0,744,0.02554,0.01075,IPL_Men,140.09256,6.85299,105.8508,152.8524,138.2445,144.0882,722.0,0.0489,-0.36715,7.35369,0.23481,2.62476,-0.08963,0.86031,0.27752,0.19799,686.0,0.32124,0.03898,0.35349,0.00134,0.06317,0.06317,0.1586,138.80269,139.78283,141.9284
3825,Basil Thampi,MEDIUM_SEAM,1.0,437,0.02517,0.00229,IPL_Men,131.98774,13.05876,84.906,144.9,132.0147,139.7907,422.0,0.0989,-0.09564,6.60069,0.36175,3.15271,0.05328,0.72529,0.14891,0.27617,399.0,0.22883,0.10526,0.31808,0.0,0.0595,0.07323,0.2151,131.22054,130.80057,134.5762
3826,Shubham Agarwal,LEG_SPIN,1.0,24,0.0,0.0,IPL_Men,88.18717,3.51292,81.3672,94.3452,85.8816,90.5004,23.0,0.0398,-0.12752,4.18643,0.32182,2.03547,-0.09748,0.54817,0.03004,0.12408,23.0,0.29167,0.16667,0.0,0.0,0.0,0.0,0.54167,84.76393,87.7556,89.7408
3827,Tejas Baroka,LEG_SPIN,1.0,21,0.0,0.0,IPL_Men,85.78998,4.76343,77.0688,94.8312,83.0763,88.4115,20.0,0.0555,-0.03745,5.4304,0.23984,1.39145,0.23895,0.76875,0.2764,0.26121,20.0,0.33333,0.0,0.04762,0.0,0.0,0.04762,0.57143,84.3516,85.7952,86.4996
3831,T Natarajan,MEDIUM_SEAM,0.0,570,0.04561,0.00175,IPL_Men,132.83674,6.0229,105.6492,142.0416,131.3163,136.7217,556.0,0.0453,0.09419,5.99524,0.3441,3.23587,-0.12001,0.64152,-0.2142,0.22429,506.0,0.22807,0.14035,0.25965,0.00526,0.02807,0.09649,0.24211,132.75552,132.2056,134.46145
3834,Krishnappa Gowtham,OFF_SPIN,1.0,414,0.01449,0.0,IPL_Men,97.42863,4.33985,74.9916,109.7748,94.5297,100.6434,382.0,0.0445,-0.12821,5.44545,0.34137,1.39118,-0.08342,0.66214,0.04479,0.26076,380.0,0.48068,0.01691,0.01449,0.0,0.0,0.03623,0.45169,98.02044,96.92209,97.96503
3835,Kulwant Khejroliya,FAST_SEAM,0.0,101,0.05941,0.0,IPL_Men,133.71647,7.32999,106.0632,143.1396,131.1516,138.3912,97.0,0.0548,0.16191,8.04677,0.21623,2.63262,-0.12653,0.96629,-0.28845,0.23719,94.0,0.27723,0.0198,0.41584,0.0198,0.06931,0.05941,0.13861,133.09874,133.02788,136.6166
3838,Rahul Tripathi,MEDIUM_SEAM,1.0,6,0.0,0.0,IPL_Men,109.7076,7.47473,102.366,121.3416,103.6746,113.6151,6.0,0.0681,-0.24267,7.69733,0.26198,2.54297,-0.01067,0.68867,0.232,0.22104,6.0,0.33333,0.0,0.5,0.0,0.0,0.0,0.16667,124.38227,109.7076,130.39351
3840,Mohammed Siraj,MEDIUM_SEAM,1.0,1238,0.03958,0.00323,IPL_Men,136.27616,7.46428,99.9144,149.9436,134.4798,140.7843,1140.0,0.0548,-0.33144,7.15782,0.29815,2.88064,-0.05905,0.81169,0.27238,0.2439,1101.0,0.33683,0.04362,0.24798,0.00969,0.07997,0.09047,0.19144,136.15819,136.26973,136.43587
3849,Khary Pierre,ORTHODOX,0.0,84,0.0,0.0,IPL_Men,89.37212,3.35475,82.9836,95.9256,86.562,91.3536,73.0,0.0375,-0.16679,5.17025,0.21264,1.12459,-0.09304,0.67801,0.07375,0.11034,73.0,0.34524,0.0,0.0,0.0,0.0,0.02381,0.63095,89.52775,89.03379,86.95849
3852,Keon Harding,unknown,1.0,47,0.08511,0.02128,IPL_Men,131.2902,6.33282,109.4184,138.1608,129.3786,135.4554,46.0,0.0482,-0.14902,7.32117,0.27942,2.20229,0.21404,0.79643,0.36307,0.20705,46.0,0.59574,0.02128,0.25532,0.0,0.04255,0.0,0.08511,129.81574,132.60392,130.95803
3856,Andre McCarthy,OFF_SPIN,1.0,12,0.0,0.0,IPL_Men,82.38175,3.83026,76.572,90.7236,81.0162,83.1582,11.0,0.0465,-0.04255,5.51482,0.47695,1.20369,0.112,0.81236,0.15455,0.24137,11.0,0.41667,0.0,0.0,0.0,0.0,0.08333,0.5,82.38175,86.56654,88.28374
3858,Rahkeem Cornwall,OFF_SPIN,1.0,1103,0.0,0.0,IPL_Men,82.5475,3.80226,67.4748,92.9304,79.8264,85.1184,881.0,0.0461,-0.08189,4.42849,0.3045,0.79564,0.05968,0.7812,0.14157,0.23605,880.0,0.06528,0.00272,0.0,0.0,0.0,0.18767,0.74433,82.05535,84.736,86.0384
3861,Ronsford Beaton,MEDIUM_SEAM,1.0,39,0.07692,0.0,IPL_Men,125.53649,5.94583,95.0076,138.3156,122.4234,130.4874,155.0,0.0487,-0.20067,7.09016,0.31074,2.10741,-0.05226,0.78551,0.15745,0.21767,155.0,0.0,0.0,0.0,0.0,0.0,1.0,0.0,124.38227,127.43109,130.39351
3863,Zahoor Khan,MEDIUM_SEAM,1.0,205,0.02439,0.00488,IPL_Men,125.53649,5.94583,95.0076,138.3156,122.4234,130.4874,155.0,0.0487,-0.20067,7.09016,0.31074,2.10741,-0.05226,0.78551,0.15745,0.21767,155.0,0.0,0.0,0.0,0.0,0.0,1.0,0.0,124.38227,127.43109,130.39351
3872,Andy McBrine DUPLICATE,unknown,1.0,72,0.02778,0.0,IPL_Men,93.14175,4.71673,82.7676,124.2612,90.5796,97.596,105.0,0.0434,-0.12505,5.4521,0.25363,1.58025,-0.04709,0.70603,0.09138,0.20212,105.0,0.0,0.0,0.0,0.0,0.0,1.0,0.0,90.39757,121.7758,129.56412
3873,Chamika Karunaratne,MEDIUM_SEAM,1.0,137,0.0,0.0438,IPL_Men,125.53649,5.94583,95.0076,138.3156,122.4234,130.4874,155.0,0.0487,-0.20067,7.09016,0.31074,2.10741,-0.05226,0.78551,0.15745,0.21767,155.0,0.0,0.0,0.0,0.0,0.0,1.0,0.0,124.38227,127.43109,130.39351
3887,D'Arcy Short,UNORTHODOX,0.0,48,0.0,0.0,IPL_Men,88.33203,3.49025,82.8612,97.668,85.7754,90.8802,46.0,0.0395,0.07715,4.93315,0.22568,1.82674,0.09765,0.70891,0.0205,0.17607,46.0,0.27083,0.02083,0.0625,0.0,0.0,0.04167,0.60417,87.8301,90.13896,88.60521
4029,Marnus Labuschagne,LEG_SPIN,1.0,233,0.0,0.0,IPL_Men,89.88705,3.40352,81.1944,96.5916,87.6204,92.2194,139.0,0.0379,-0.08575,4.95314,0.27908,1.65435,-0.23956,0.61577,-0.15381,0.23149,139.0,0.24034,0.02575,0.01288,0.0,0.0,0.38627,0.33476,89.88705,86.51212,88.8083
4041,Georgia Wareham,LEG_SPIN,1.0,84,0.0,0.0,IPL_Men,71.35942,2.21195,65.5956,78.2892,70.2252,72.3366,83.0,0.031,-0.13531,4.1247,0.23109,1.12957,-0.09994,0.60219,0.03537,0.10933,83.0,0.11905,0.0,0.0,0.0,0.0,0.0,0.88095,71.18078,72.05294,88.8083
4043,Sophie Molineux,ORTHODOX,0.0,168,0.0,0.0,IPL_Men,75.47666,4.39351,67.0176,110.9772,72.5562,77.8689,168.0,0.0582,-0.15986,4.14836,0.21362,1.18698,-0.14842,0.59443,0.01144,0.18944,168.0,0.125,0.04167,0.0,0.0,0.0,0.0,0.83333,75.39046,76.195,86.95849
4055,Riley Meredith,FAST_SEAM,1.0,108,0.0463,0.00926,IPL_Men,138.26329,8.12751,113.2956,146.3616,137.7396,143.2899,100.0,0.0588,-0.17218,7.68686,0.2405,2.14845,0.0178,0.90734,0.18998,0.13434,98.0,0.41667,0.00926,0.36111,0.00926,0.0463,0.03704,0.12037,136.27782,135.20721,142.88818
4124,Tayla Vlaeminck,FAST_SEAM,1.0,62,0.01613,0.01613,IPL_Men,115.63757,3.40038,106.4628,120.5964,112.6188,118.4373,62.0,0.0294,-0.21173,8.39221,0.30822,2.57825,0.06315,0.92255,0.27487,0.28531,62.0,0.30645,0.01613,0.35484,0.0,0.20968,0.0,0.1129,115.9743,114.48309,135.56306
4128,Ashleigh Gardner,OFF_SPIN,1.0,328,0.0122,0.0,IPL_Men,77.92009,5.25353,65.7936,95.3748,73.9764,81.8424,306.0,0.0674,-0.19202,4.35277,0.27432,1.16984,-0.18954,0.6716,0.00249,0.2087,305.0,0.16159,0.02744,0.0,0.0,0.0,0.05488,0.7561,77.71351,80.66487,73.4409
4157,William Somerville,OFF_SPIN,1.0,679,0.0,0.0,IPL_Men,85.46764,4.32168,72.5076,97.2432,82.6956,88.596,605.0,0.0506,0.06397,4.47659,0.2846,0.92763,0.18408,0.68538,0.12012,0.2136,605.0,0.11929,0.00147,0.0,0.0,0.0,0.10015,0.77909,85.60233,84.09333,88.28374
4208,Faheem Ashraf,MEDIUM_SEAM,1.0,1366,0.00952,0.00366,IPL_Men,131.83117,5.54195,81.81,142.4556,129.7944,134.6724,501.0,0.042,-0.25884,7.35646,0.32349,1.8996,0.01682,0.80665,0.27566,0.24319,499.0,0.18668,0.0022,0.10981,0.00073,0.01537,0.63177,0.05344,131.32787,132.86227,133.3908
4277,Junior Dala,MEDIUM_SEAM,1.0,109,0.05505,0.00917,IPL_Men,134.82571,6.64643,113.9328,147.1428,132.408,139.176,109.0,0.0493,-0.17704,8.15421,0.3595,3.00927,0.09819,0.87089,0.27523,0.32132,106.0,0.30275,0.02752,0.29358,0.0,0.20183,0.02752,0.14679,133.50287,134.32519,136.92535
4285,Mohammad Abbas,MEDIUM_SEAM,1.0,2731,0.00403,0.00293,IPL_Men,128.03091,4.54416,89.8704,139.0428,126.2142,130.4874,2031.0,0.0355,-0.0754,7.0727,0.34792,1.61028,0.06256,0.7739,0.13796,0.24553,2029.0,0.51739,0.0033,0.11534,0.0,0.03332,0.25009,0.08056,127.80284,128.74431,128.05265
4306,Seth Rance,MEDIUM_SEAM,1.0,80,0.0125,0.0125,IPL_Men,125.53649,5.94583,95.0076,138.3156,122.4234,130.4874,155.0,0.0487,-0.20067,7.09016,0.31074,2.10741,-0.05226,0.78551,0.15745,0.21767,155.0,0.0,0.0,0.0,0.0,0.0,1.0,0.0,124.38227,127.43109,130.39351
4315,Nashra Sandhu,ORTHODOX,0.0,61,0.01639,0.0,IPL_Men,70.10439,2.28389,66.3084,78.2136,68.5908,71.3448,59.0,0.0326,-0.10686,4.45756,0.3706,0.9735,-0.13336,0.54239,-0.02649,0.12811,59.0,0.13115,0.0,0.0,0.0,0.0,0.03279,0.83607,70.27427,68.26968,86.95849
4320,Ankit Soni,SEAM,1.0,112,0.02679,0.0,IPL_Men,87.98747,5.40413,76.6116,116.208,84.5055,91.2753,112.0,0.0614,-0.09331,4.70212,0.34342,1.68688,-0.03758,0.67004,0.05573,0.25796,112.0,0.23214,0.0625,0.04464,0.0,0.0,0.0,0.66071,86.4324,88.00262,87.9816
4324,Simi Singh,OFF_SPIN,1.0,459,0.00218,0.0,IPL_Men,87.68426,3.58757,74.754,97.2972,85.2984,90.0036,149.0,0.0409,-0.31683,5.32738,0.25513,0.96354,-0.11189,0.60122,0.20494,0.2401,149.0,0.13072,0.0,0.0,0.0,0.0,0.67538,0.1939,87.25427,88.59525,90.15284
4327,Akeira Peters,MEDIUM_SEAM,0.0,25,0.04,0.0,IPL_Men,97.56576,2.31246,93.7512,103.5576,95.67,98.928,25.0,0.0237,-0.3238,6.5774,0.20753,1.47908,-0.18696,0.56192,0.13684,0.11962,25.0,0.56,0.0,0.2,0.0,0.0,0.0,0.24,97.48828,97.6497,130.39351
4329,Qiana Joseph,MEDIUM_SEAM,0.0,35,0.14286,0.0,IPL_Men,96.2605,3.73885,90.0144,106.0524,93.3048,98.3934,35.0,0.0388,-0.15317,6.50063,0.29371,2.3059,-0.35426,0.67306,-0.20109,0.22614,35.0,0.4,0.02857,0.28571,0.0,0.0,0.0,0.28571,124.38227,95.49955,97.719
4334,Mansi Joshi,MEDIUM_SEAM,1.0,56,0.03571,0.0,IPL_Men,107.87105,2.02605,99.7812,111.7584,106.9524,109.0962,55.0,0.0188,-0.17031,5.87645,0.33595,1.93776,-0.19875,0.58702,-0.02844,0.23549,55.0,0.51786,0.05357,0.14286,0.0,0.0,0.0,0.28571,107.5401,108.4608,107.5992
4344,Willem Mulder - Duplicate,MEDIUM_SEAM,1.0,50,0.02,0.02,IPL_Men,132.40361,4.15709,116.8812,140.454,129.537,134.9514,50.0,0.0314,-0.12398,7.09016,0.33941,2.38291,-0.03562,0.70764,0.08836,0.25112,50.0,0.44,0.02,0.3,0.0,0.06,0.0,0.18,131.71727,134.577,130.39351
4445,Riyan Parag,LEG_SPIN,1.0,136,0.02206,0.0,IPL_Men,91.75334,6.03673,68.742,108.3996,88.6716,95.4756,127.0,0.0658,-0.00938,5.63393,0.37818,1.86064,-0.01395,0.63391,-0.00457,0.25995,127.0,0.41912,0.01471,0.09559,0.0,0.00735,0.02206,0.44118,93.0132,91.28733,100.8636
4467,Sarah Glenn,LEG_SPIN,1.0,36,0.0,0.0,IPL_Men,76.054,2.8976,72.7632,87.2496,74.0394,77.31,36.0,0.0381,-0.06856,4.90633,0.20663,1.35182,-0.10858,0.59925,-0.04003,0.14778,36.0,0.25,0.0,0.02778,0.0,0.0,0.0,0.72222,76.054,86.51212,88.8083
4501,Devika Vaidya,LEG_SPIN,1.0,24,0.0,0.0,IPL_Men,66.8964,1.02636,64.6776,69.462,66.3534,67.4289,24.0,0.0153,-0.25071,4.34704,0.21091,1.16899,-0.36075,0.633,-0.11004,0.13829,24.0,0.25,0.04167,0.0,0.0,0.0,0.0,0.70833,67.2762,66.7698,88.8083
4527,Nazmul Islam,ORTHODOX,0.0,320,0.00312,0.0,IPL_Men,83.60248,4.55386,70.6032,96.6312,80.6085,86.3226,316.0,0.0545,-0.11741,4.68281,0.2278,1.13434,-0.07792,0.59785,0.03949,0.19085,316.0,0.225,0.01875,0.0,0.0,0.0,0.0125,0.74375,83.57182,83.90573,83.2242
4530,Shaheen Afridi,FAST_SEAM,0.0,1811,0.0127,0.00773,IPL_Men,136.81346,4.72173,92.682,146.5992,134.712,139.8276,1133.0,0.0345,0.11548,6.9345,0.34165,2.16537,-0.08786,0.80776,-0.20334,0.2758,1125.0,0.3153,0.0127,0.14522,0.00055,0.03258,0.36334,0.13031,136.07916,137.26945,138.14475
4572,Mujeeb Ur Rahman,OFF_SPIN,1.0,1997,0.02354,0.0,IPL_Men,93.11559,5.1036,75.834,107.4528,89.8344,96.84,1097.0,0.0548,-0.1366,5.42483,0.32,1.2758,-0.01765,0.65498,0.11895,0.27072,1097.0,0.2674,0.00501,0.00701,0.0,0.0,0.44066,0.27992,92.44092,94.1212,92.39701
4590,Blessing Muzarabani,FAST_SEAM,1.0,543,0.03683,0.01289,IPL_Men,130.61532,5.09951,116.3124,139.8996,126.7416,134.1972,61.0,0.039,-0.20303,7.81644,0.43289,1.90807,0.05752,1.05407,0.26056,0.23231,61.0,0.05893,0.0,0.03683,0.0,0.01105,0.88398,0.00921,129.83772,131.36783,135.56306
4599,Ajaz Patel,ORTHODOX,0.0,1261,0.0,0.0,IPL_Men,84.15723,3.42203,73.0872,97.7688,81.9891,86.2056,1024.0,0.0407,0.04794,4.4794,0.32232,0.90469,-0.07845,0.64067,-0.12639,0.19226,1023.0,0.10468,0.00397,0.00079,0.0,0.0,0.18081,0.70975,83.9747,85.59681,85.3878
4649,Daniel Sams,FAST_SEAM,0.0,115,0.05217,0.0087,IPL_Men,126.58952,9.37407,98.4888,144.9972,119.7171,132.93,106.0,0.0741,0.14847,7.40271,0.36552,2.79101,-0.15963,0.82718,-0.30811,0.29637,104.0,0.34783,0.01739,0.26957,0.02609,0.10435,0.03478,0.2,123.11467,124.05912,130.05345
4682,Wafadar Momand,MEDIUM_SEAM,1.0,177,0.0113,0.00565,IPL_Men,134.5903,4.55734,122.6124,143.3844,131.8752,138.0024,92.0,0.0339,-0.27287,7.75307,0.43833,2.07693,0.03984,0.95611,0.3127,0.33466,91.0,0.23729,0.0,0.18079,0.0,0.03955,0.48588,0.0565,134.11119,136.04475,133.9173
4687,Hasan Mahmud,MEDIUM_SEAM,1.0,75,0.04,0.0,IPL_Men,133.21496,3.16002,126.0756,144.828,131.0706,135.36,71.0,0.0237,-0.23045,8.02373,0.42705,1.28017,-0.0401,0.91172,0.19035,0.22862,71.0,0.46667,0.01333,0.46667,0.0,0.02667,0.0,0.02667,132.55959,133.92815,130.39351
4691,Nayeem Hasan,OFF_SPIN,1.0,775,0.0,0.0,IPL_Men,85.36137,3.89126,72.4068,95.328,83.142,88.2252,665.0,0.0456,-0.13839,4.53002,0.31153,0.89966,0.08799,0.71867,0.22638,0.25088,665.0,0.12774,0.00129,0.0,0.0,0.0,0.12387,0.7471,85.06003,86.65576,87.30105
4698,Arshdeep Singh,MEDIUM_SEAM,0.0,486,0.05761,0.00206,IPL_Men,128.73019,8.18996,97.2,141.2028,120.1788,135.009,483.0,0.0636,-0.08062,6.53157,0.36387,3.08313,-0.20317,0.76817,-0.12256,0.29524,463.0,0.33951,0.09465,0.23045,0.00617,0.0679,0.04115,0.22016,127.74945,127.0036,130.71759
4763,Liam Roche,OFF_SPIN,1.0,142,0.02817,0.0,IPL_Men,85.76454,4.76166,70.4754,101.4408,83.2446,88.5663,253.5,0.0577,-0.08388,4.67617,0.31081,1.21174,0.02247,0.65099,0.08884,0.23035,252.0,0.0,0.0,0.0,0.0,0.0,1.0,0.0,85.67964,86.56654,88.28374
4823,Azmatullah,MEDIUM_SEAM,1.0,24,0.0,0.0,IPL_Men,126.9169,6.6715,113.022,136.17,122.688,131.5512,23.0,0.0526,-0.44414,8.63532,0.17594,1.71415,-0.18305,0.80918,0.26109,0.16974,22.0,0.20833,0.0,0.58333,0.0,0.04167,0.08333,0.08333,126.9169,127.43109,130.39351
4840,Shehan Madushanka,FAST_SEAM,1.0,28,0.07143,0.0,IPL_Men,134.0816,5.53134,96.5088,146.3616,131.6394,137.4498,654.0,0.0422,-0.21855,7.41587,0.31966,2.22643,-0.07887,0.84743,0.16009,0.24405,645.0,0.0,0.0,0.0,0.0,0.0,1.0,0.0,133.159,134.49967,135.56306
4841,Amir Hayat,MEDIUM_SEAM,1.0,42,0.0,0.0,IPL_Men,125.53649,5.94583,95.0076,138.3156,122.4234,130.4874,155.0,0.0487,-0.20067,7.09016,0.31074,2.10741,-0.05226,0.78551,0.15745,0.21767,155.0,0.0,0.0,0.0,0.0,0.0,1.0,0.0,124.38227,127.43109,130.39351
4842,Ashfaq Ahmed,OFF_SPIN,1.0,12,0.0,0.0,IPL_Men,85.76454,4.76166,70.4754,101.4408,83.2446,88.5663,253.5,0.0577,-0.08388,4.67617,0.31081,1.21174,0.02247,0.65099,0.08884,0.23035,252.0,0.0,0.0,0.0,0.0,0.0,1.0,0.0,85.67964,86.56654,88.28374
4944,KM Asif,MEDIUM_SEAM,1.0,52,0.03846,0.01923,IPL_Men,136.0903,8.93513,111.456,144.3672,137.0943,140.9463,50.0,0.0657,-0.24908,8.27488,0.25494,2.93027,0.07398,0.92478,0.32306,0.21398,49.0,0.32692,0.01923,0.25,0.0,0.21154,0.03846,0.15385,134.39991,133.88455,138.2007
4950,Sudhesan Midhun,LEG_SPIN,1.0,13,0.07692,0.0,IPL_Men,82.05978,4.53691,76.1688,92.196,79.1208,82.9188,13.0,0.0553,-0.15708,4.96877,0.16992,1.14486,-0.17438,0.54392,-0.01731,0.22197,13.0,0.23077,0.0,0.0,0.0,0.0,0.0,0.76923,84.76393,82.05978,88.8083
4951,Mayank Markande,LEG_SPIN,1.0,323,0.01548,0.0,IPL_Men,84.67341,4.75355,68.7744,105.1056,81.8928,87.5826,315.0,0.0561,-0.10427,4.92496,0.30934,1.18417,-0.01516,0.6689,0.08912,0.23379,314.0,0.29721,0.0031,0.0031,0.0,0.0,0.02477,0.67183,85.6329,84.50091,88.8083
4960,Javon Searles,FAST_SEAM,1.0,45,0.06667,0.0,IPL_Men,124.59715,7.06826,108.8172,133.9848,120.1257,129.8943,44.0,0.0567,-0.21302,7.33081,0.44611,2.12836,-0.1239,0.83421,0.08912,0.35027,42.0,0.33333,0.04444,0.37778,0.0,0.04444,0.04444,0.15556,125.4384,123.31008,129.27189
4997,John Campbell,OFF_SPIN,1.0,51,0.01961,0.0,IPL_Men,82.5324,3.40275,75.906,90.9288,79.9848,85.2156,48.0,0.0412,0.0005,4.33862,0.32551,1.30956,0.14367,0.7556,0.14317,0.25339,48.0,0.15686,0.05882,0.0,0.0,0.0,0.05882,0.72549,82.5324,86.56654,88.28374
5004,Ariful Haque,FAST_SEAM,1.0,78,0.0,0.0,IPL_Men,122.92228,3.78978,109.8756,130.608,120.312,125.5023,76.0,0.0308,-0.41208,8.00622,0.14873,1.53363,-0.18263,0.75426,0.22945,0.16305,76.0,0.46154,0.0,0.46154,0.0,0.02564,0.01282,0.03846,121.93834,124.431,135.56306
5029,Mohammad Hasnain,FAST_SEAM,1.0,178,0.03371,0.0,IPL_Men,140.73461,3.6887,130.032,148.6188,138.6828,143.2836,113.0,0.0262,-0.12656,8.16634,0.2856,2.77187,0.02563,0.96531,0.1522,0.25361,112.0,0.21348,0.00562,0.21348,0.02247,0.09551,0.35955,0.08989,140.92668,140.67735,139.2624
5036,Romario Shepherd,MEDIUM_SEAM,1.0,43,0.02326,0.0,IPL_Men,130.96003,3.07039,123.1092,136.2132,129.0753,133.2774,42.0,0.0234,-0.04737,8.01524,0.35294,1.80077,0.05778,0.92763,0.10515,0.2485,41.0,0.34884,0.0,0.51163,0.0,0.02326,0.02326,0.09302,130.25583,131.81248,130.39351
5052,Pooja Vastrakar,MEDIUM_SEAM,1.0,80,0.0125,0.0125,IPL_Men,108.23265,3.71868,97.2,115.1604,106.7904,109.17,32.0,0.0344,-0.16287,6.38758,0.36389,3.16773,0.05052,0.65939,0.21339,0.16645,31.0,0.175,0.0375,0.0375,0.0125,0.025,0.6125,0.1,106.9416,109.00728,130.39351
5059,Radha Yadav,ORTHODOX,0.0,133,0.00752,0.0,IPL_Men,69.36919,3.45914,61.6572,77.0868,66.951,71.7264,127.0,0.0499,-0.08657,4.4246,0.38907,1.27643,-0.19881,0.57851,-0.11224,0.22122,127.0,0.22556,0.03008,0.0,0.0,0.0,0.03008,0.71429,69.49276,68.61291,69.92424
5064,Harleen Deol,OFF_SPIN,1.0,54,0.0,0.0,IPL_Men,67.83638,3.90479,61.8696,76.9248,64.5561,70.5258,50.0,0.0576,-0.44471,4.01878,0.31758,1.19538,-0.57176,0.63498,-0.12704,0.14672,49.0,0.11111,0.07407,0.01852,0.0,0.0,0.03704,0.75926,64.2732,68.9616,88.28374
5105,Prasidh Krishna,MEDIUM_SEAM,1.0,935,0.0385,0.01604,IPL_Men,136.72844,10.21139,88.0092,150.228,135.3942,142.2792,891.0,0.0747,-0.31973,7.42564,0.31074,2.65193,-0.08204,0.90057,0.23768,0.23101,856.0,0.28449,0.04278,0.37112,0.0,0.07059,0.05882,0.17219,134.87809,135.93115,139.50074
5124,Curtis Campher,MEDIUM_SEAM,1.0,158,0.02532,0.00633,IPL_Men,129.07807,6.15719,106.3764,139.1256,126.8784,132.9192,153.0,0.0477,-0.16958,7.75243,0.38651,2.09116,0.03855,0.82103,0.20812,0.28013,153.0,0.41772,0.01266,0.39873,0.0,0.0443,0.03165,0.09494,129.91696,127.8468,130.39351
5146,Oshane Thomas,FAST_SEAM,1.0,686,0.04665,0.01458,IPL_Men,140.11771,5.0936,105.7284,150.624,137.3589,143.3691,654.0,0.0364,-0.193,7.94067,0.27804,2.45001,-0.01809,1.02963,0.17492,0.22757,645.0,0.29009,0.01895,0.43732,0.0,0.08309,0.03353,0.13703,138.62062,141.20855,142.07816
5224,Sherman Lewis,FAST_SEAM,1.0,139,0.0,0.0,IPL_Men,130.64591,3.4812,121.968,138.4272,128.6649,132.9228,134.0,0.0266,-0.21055,7.82414,0.44088,2.1793,-0.03958,0.86327,0.17097,0.30761,134.0,0.30216,0.0,0.43885,0.0,0.06475,0.01439,0.17986,129.94287,132.82964,129.7668
5262,Kirstie Gordon,ORTHODOX,0.0,114,0.0,0.0,IPL_Men,71.46979,2.48196,64.9224,77.0868,69.6168,73.1538,107.0,0.0347,-0.04834,3.88763,0.27042,1.2646,-0.09422,0.58779,-0.04589,0.17542,107.0,0.07895,0.08772,0.0,0.0,0.0,0.01754,0.81579,71.46979,86.35378,86.95849
5268,Prabath Jayasuriya,ORTHODOX,0.0,89,0.0,0.0,IPL_Men,83.36185,2.82958,75.3696,88.3404,81.693,85.5855,86.0,0.0339,0.03037,4.3484,0.25982,0.87484,0.03977,0.64485,0.0094,0.20821,86.0,0.13483,0.0,0.0,0.0,0.0,0.03371,0.83146,83.16005,84.6063,86.95849
5280,Senuran Muthusamy,ORTHODOX,0.0,177,0.00565,0.02825,IPL_Men,83.14038,2.60594,76.7736,91.2528,81.2493,84.8601,176.0,0.0313,-0.0289,4.60936,0.31145,0.97338,-0.07659,0.70351,-0.04769,0.16364,176.0,0.15254,0.00565,0.0,0.0,0.0,0.00565,0.83616,83.14038,86.35378,86.95849
5281,Khaled Ahmed,MEDIUM_SEAM,1.0,283,0.00353,0.0,IPL_Men,132.05478,3.63506,120.402,141.0912,130.122,134.6202,147.0,0.0275,-0.35137,8.01853,0.16286,2.14938,-0.18649,0.94167,0.16488,0.21182,146.0,0.19788,0.00353,0.20848,0.00353,0.04947,0.4841,0.053,131.89099,132.40234,132.45284
5348,Fazle Mahmud,ORTHODOX,0.0,20,0.1,0.0,IPL_Men,81.70276,2.74683,76.2012,87.0804,79.5582,83.6334,19.0,0.0336,-0.17942,4.11584,0.31507,1.8235,-0.06979,0.56263,0.10963,0.25308,19.0,0.3,0.1,0.0,0.0,0.0,0.05,0.55,81.70276,86.35378,86.95849
5396,Sherfane Rutherford,MEDIUM_SEAM,1.0,46,0.1087,0.0,IPL_Men,119.89608,8.53917,107.6616,140.4144,113.7384,126.792,45.0,0.0712,-0.41498,8.81956,0.24671,2.77099,0.04651,0.93493,0.46149,0.30505,45.0,0.26087,0.0,0.41304,0.06522,0.13043,0.02174,0.1087,120.4944,119.67851,130.39351
5431,Shivam Dube,MEDIUM_SEAM,1.0,127,0.02362,0.0,IPL_Men,122.34105,5.11569,108.9612,141.1596,118.584,125.874,125.0,0.0418,-0.17975,6.93816,0.30337,2.56751,0.01684,0.77006,0.19658,0.22565,122.0,0.43307,0.06299,0.29921,0.00787,0.01575,0.0315,0.14961,122.52675,122.20435,130.39351
5432,Varun Chakaravarthy,LEG_SPIN,1.0,747,0.00803,0.00402,IPL_Men,95.47532,5.4113,81.5292,139.086,91.8684,98.5572,721.0,0.0567,-0.24033,5.56026,0.23967,1.5219,-0.06249,0.69336,0.17785,0.18143,720.0,0.46452,0.01606,0.04819,0.0,0.0,0.01874,0.45248,95.46989,95.71543,94.57159
5433,Anrich Nortje,FAST_SEAM,1.0,1314,0.01522,0.00228,IPL_Men,141.55093,6.64066,88.0452,156.2256,139.2048,145.6632,1081.0,0.0469,-0.23372,7.74867,0.32737,2.48313,-0.09247,0.8692,0.14125,0.24301,1056.0,0.31811,0.01979,0.27778,0.0,0.09817,0.18113,0.10502,140.62765,141.94928,143.52001
5437,Rasikh Salam,MEDIUM_SEAM,1.0,27,0.03704,0.07407,IPL_Men,126.5648,11.69512,101.5848,138.4452,127.134,133.5672,27.0,0.0924,0.09831,7.24104,0.56084,2.42153,0.18773,0.86369,0.08942,0.38586,26.0,0.48148,0.07407,0.33333,0.0,0.03704,0.03704,0.03704,115.5024,127.9506,131.50209
5438,Prithvi Raj Yarra,MEDIUM_SEAM,0.0,33,0.09091,0.0,IPL_Men,133.13978,9.53378,113.1048,144.1116,132.444,139.6332,33.0,0.0716,0.09264,9.02958,0.22306,1.97901,-0.28188,1.07609,-0.37452,0.23029,33.0,0.24242,0.0,0.54545,0.0,0.15152,0.0,0.06061,124.38227,131.0913,136.29129
5439,Prayas Ray Barman,LEG_SPIN,1.0,24,0.0,0.0,IPL_Men,91.01486,2.91558,83.8548,95.8284,89.9316,92.4264,21.0,0.032,-0.08867,4.69352,0.27795,1.5399,-0.0711,0.74248,0.01757,0.0916,21.0,0.29167,0.08333,0.0,0.0,0.0,0.0,0.625,90.6078,91.17768,88.8083
5441,Harpreet Brar,ORTHODOX,0.0,196,0.02041,0.0,IPL_Men,94.49894,3.58107,80.6688,105.2856,92.376,97.1496,193.0,0.0379,-0.12827,5.4489,0.2079,1.09992,0.04045,0.65805,0.16872,0.13998,193.0,0.46939,0.0051,0.01531,0.0,0.0,0.0102,0.5,95.405,94.7999,91.92585
5460,Nauman Ali,ORTHODOX,0.0,300,0.0,0.00333,IPL_Men,87.01592,3.80486,78.3684,99.6984,84.5046,89.4528,200.0,0.0437,0.00907,4.48413,0.29564,0.70118,-0.0734,0.59358,-0.08248,0.20156,200.0,0.04333,0.0,0.0,0.0,0.0,0.29333,0.66333,86.75547,88.55168,86.95849
5569,Oshada Fernando,LEG_SPIN,1.0,18,0.0,0.0,IPL_Men,84.972,4.40062,72.4644,99.936,82.0953,87.7014,211.0,0.0503,-0.08933,4.6966,0.25709,1.39268,-0.09994,0.65327,-0.02183,0.21974,208.0,0.0,0.0,0.0,0.0,0.0,1.0,0.0,84.76393,86.51212,88.8083
5570,Lasith Embuldeniya,ORTHODOX,0.0,1755,0.0,0.00798,IPL_Men,81.5192,3.4073,72.2592,94.1364,79.2666,83.7585,1468.0,0.0418,-0.06547,4.18003,0.25188,0.8454,-0.18048,0.73017,-0.11501,0.19241,1467.0,0.04672,0.00627,0.0,0.0,0.0,0.15556,0.79145,81.29881,82.74867,82.32544
5578,Waqar Salamkheil,UNORTHODOX,0.0,85,0.0,0.0,IPL_Men,84.77709,4.63186,72.1548,106.0596,82.1403,87.255,658.0,0.0496,-0.03413,4.62975,0.25309,1.27048,0.02689,0.6653,0.02609,0.20585,658.0,0.0,0.0,0.0,0.0,0.0,1.0,0.0,84.33717,86.56386,88.60521
5583,Komal Zanzad,MEDIUM_SEAM,1.0,42,0.0,0.0,IPL_Men,95.83272,3.38516,89.154,107.3412,93.9384,97.8444,35.0,0.0353,-0.10285,5.41226,0.32527,1.24483,-0.37756,0.50768,-0.27471,0.16186,34.0,0.35714,0.02381,0.0,0.0,0.0,0.16667,0.45238,95.085,95.10965,98.2854
5584,Manali Dakshini,MEDIUM_SEAM,1.0,19,0.05263,0.0,IPL_Men,101.61303,4.05107,90.9936,107.892,99.81,104.7906,19.0,0.0399,-0.14526,5.94168,0.32046,2.14026,0.05895,0.46126,0.20421,0.10343,19.0,0.52632,0.05263,0.10526,0.0,0.0,0.0,0.31579,102.72703,100.9632,130.39351
5628,James Cameron-Dow,ORTHODOX,0.0,215,0.02791,0.00465,IPL_Men,84.8975,4.39351,72.1584,100.4004,82.026,88.2459,370.0,0.0532,-0.07965,4.60936,0.27042,1.17074,-0.0592,0.64013,0.0094,0.19241,369.0,0.0,0.0,0.0,0.0,0.0,1.0,0.0,84.6049,86.35378,86.95849
5810,Ainsley Ndlovu,ORTHODOX,0.0,139,0.0,0.0,IPL_Men,90.24755,7.37581,81.9792,128.2968,87.1938,91.1448,131.0,0.0817,0.01681,4.53244,0.32113,1.21153,-0.04689,0.62962,-0.0637,0.20263,131.0,0.18705,0.02158,0.00719,0.0,0.0,0.04317,0.74101,90.24755,86.35378,86.95849
6870,Lalit Yadav,OFF_SPIN,1.0,84,0.0,0.0,IPL_Men,98.12637,4.95451,85.9788,106.5708,94.4496,102.5352,83.0,0.0505,-0.07329,5.52605,0.35987,2.12885,-0.00061,0.64217,0.07267,0.26158,83.0,0.53571,0.09524,0.09524,0.0,0.0,0.0119,0.2619,98.5248,97.90058,100.3998
7803,Lukman Meriwala,FAST_SEAM,0.0,19,0.0,0.05263,IPL_Men,132.05596,5.56109,113.8032,136.62,131.6394,135.7182,19.0,0.0421,-0.17426,5.87589,0.32924,2.34675,-0.36905,0.64905,-0.19479,0.23716,19.0,0.63158,0.10526,0.15789,0.0,0.0,0.0,0.10526,133.159,128.8548,133.53342
8540,Venkatesh Iyer,FAST_SEAM,1.0,54,0.03704,0.01852,IPL_Men,120.52558,12.50172,93.7656,135.4212,106.164,130.77,49.0,0.1037,-0.18144,5.3877,0.3803,2.40228,-0.17719,0.58767,0.00426,0.20008,43.0,0.37037,0.11111,0.09259,0.0,0.0,0.18519,0.24074,120.77813,120.21562,135.56306
10059,Kartik Tyagi,FAST_SEAM,1.0,334,0.05689,0.00599,IPL_Men,137.50437,5.58552,108.3888,148.4208,135.3708,140.976,321.0,0.0406,-0.38713,6.90217,0.35047,3.42804,-0.17042,0.78791,0.21671,0.20907,299.0,0.26647,0.07186,0.17665,0.00599,0.15269,0.07485,0.2515,136.91717,136.25299,139.77454
11062,Chetan Sakariya,FAST_SEAM,0.0,334,0.05389,0.01198,IPL_Men,124.04717,8.80848,98.8272,139.5252,117.8118,130.356,326.0,0.071,0.08131,6.98458,0.40461,2.74154,-0.11368,0.8101,-0.19498,0.28398,321.0,0.42515,0.04491,0.23653,0.00599,0.07485,0.02096,0.19162,120.00021,122.96677,128.21267
12480,Kuldip Yadav,FAST_SEAM,0.0,12,0.0,0.0,IPL_Men,134.2194,2.70053,128.9052,138.1896,133.1532,135.4914,12.0,0.0201,0.00275,8.19083,0.33069,1.80501,-0.24983,0.83667,-0.25258,0.23999,12.0,0.25,0.0,0.66667,0.0,0.0,0.0,0.08333,133.159,132.8424,135.5964
12585,Akash Singh,FAST_SEAM,0.0,24,0.0,0.0,IPL_Men,132.84131,3.94324,118.4904,138.1428,131.5134,135.2808,22.0,0.0297,0.11155,8.82436,0.22062,2.51826,-0.24005,0.98645,-0.35159,0.17646,22.0,0.16667,0.0,0.625,0.0,0.08333,0.0,0.125,133.4436,135.0138,131.17644
13578,Gareth Delany,LEG_SPIN,1.0,89,0.02247,0.0,IPL_Men,87.45147,3.82975,80.91,99.828,84.5136,89.766,81.0,0.0438,0.038,5.04898,0.31103,1.66354,0.08279,0.63864,0.04479,0.23049,81.0,0.39326,0.03371,0.02247,0.0,0.0,0.08989,0.46067,87.45147,86.51212,88.8083
13722,Hayden Walsh,LEG_SPIN,1.0,55,0.01818,0.0,IPL_Men,102.87353,17.50757,84.816,131.5656,90.36,126.522,53.0,0.1702,-0.24998,5.07583,0.25206,2.23812,-0.114,0.69167,0.13598,0.18381,52.0,0.30909,0.09091,0.09091,0.0,0.0,0.03636,0.47273,105.83087,92.7693,88.8083
13803,Shahbaz Ahmed,ORTHODOX,0.0,121,0.00826,0.0,IPL_Men,93.24366,3.48508,80.91,100.1484,91.08,95.6286,115.0,0.0374,-0.13154,5.41807,0.25536,1.19965,-0.05978,0.64013,0.07176,0.14739,115.0,0.44628,0.00826,0.00826,0.0,0.0,0.00826,0.52893,92.36816,93.74431,92.76382
15154,Umran Malik,FAST_SEAM,1.0,75,0.04,0.0,IPL_Men,142.97318,6.8107,115.5888,152.9496,141.5655,146.5992,70.0,0.0476,0.06928,8.22663,0.45612,2.35309,0.05872,0.88663,-0.01056,0.31839,68.0,0.34667,0.02667,0.45333,0.0,0.08,0.05333,0.04,141.18078,143.27794,144.5796
17068,Marco Jansen,FAST_SEAM,0.0,40,0.075,0.025,IPL_Men,133.17282,5.61451,121.3236,143.2908,129.9663,136.4706,40.0,0.0422,-0.0451,7.06202,0.41362,2.68656,-0.22358,0.86065,-0.17848,0.304,40.0,0.275,0.05,0.4,0.0,0.025,0.0,0.25,133.90615,131.81889,133.89757
17099,George Linde,ORTHODOX,0.0,401,0.0,0.0,IPL_Men,87.34237,2.51989,80.946,95.6952,85.4541,89.0856,290.0,0.0289,0.1103,4.24962,0.33663,0.96686,-0.03877,0.61338,-0.14907,0.1882,290.0,0.05486,0.00748,0.0,0.0,0.0,0.26434,0.67332,87.34237,86.35378,86.95849
17118,Nathan Ellis,MEDIUM_SEAM,1.0,74,0.02703,0.0,IPL_Men,121.79817,14.99409,86.526,139.6944,108.9396,134.3772,69.0,0.1231,-0.12134,7.094,0.31001,2.97506,0.0033,0.70652,0.12464,0.18754,67.0,0.2027,0.06757,0.36486,0.02703,0.02703,0.05405,0.25676,117.07663,125.8744,118.89
17191,Ripal Patel,FAST_SEAM,1.0,20,0.1,0.0,IPL_Men,117.52866,3.82442,112.248,124.0596,114.534,120.762,20.0,0.0325,-0.29765,6.21785,0.25935,2.74932,-0.3349,0.7088,-0.03725,0.17854,20.0,0.3,0.0,0.3,0.0,0.0,0.0,0.4,117.00257,117.81194,135.56306
18832,Naseem Shah,FAST_SEAM,1.0,286,0.0035,0.0035,IPL_Men,140.99404,3.26965,112.914,147.5676,139.3524,143.0964,285.0,0.0232,-0.19918,7.33912,0.35639,2.04206,-0.09584,0.80981,0.10334,0.23188,284.0,0.6049,0.01049,0.17832,0.0,0.08741,0.0035,0.11538,140.61636,142.8588,135.56306
19351,Ravi Bishnoi,LEG_SPIN,1.0,532,0.03008,0.0,IPL_Men,92.36019,3.87351,82.188,104.13,89.7039,95.031,522.0,0.0419,-0.19897,5.2451,0.2965,1.2714,0.0556,0.64591,0.25457,0.21901,522.0,0.38534,0.01316,0.01504,0.0,0.0,0.0094,0.57707,92.26735,92.33079,93.05149
19352,Abdul Samad,LEG_SPIN,1.0,49,0.02041,0.0,IPL_Men,85.91606,6.74108,72.4644,110.5164,82.692,87.9372,49.0,0.0785,0.02161,4.82755,0.4128,1.67897,0.00965,0.66912,-0.01196,0.25551,49.0,0.32653,0.02041,0.02041,0.0,0.0,0.0,0.63265,84.61364,86.74092,88.8083
19491,Charlton Tshuma,FAST_SEAM,1.0,96,0.0,0.0,IPL_Men,124.67415,3.95715,115.1712,133.7292,122.0616,127.3536,93.0,0.0317,-0.12804,6.90358,0.31955,2.08031,0.07629,0.68936,0.20433,0.35784,90.0,0.44792,0.04167,0.28125,0.0,0.02083,0.04167,0.16667,124.45999,127.7796,135.56306
19492,Victor Nyauchi,FAST_SEAM,1.0,99,0.0101,0.0202,IPL_Men,123.84311,2.28288,118.2132,129.2616,122.3523,125.4285,96.0,0.0184,-0.00107,7.03872,0.47898,1.30812,0.12736,0.73286,0.12844,0.32366,96.0,0.62626,0.0,0.24242,0.0,0.0,0.0202,0.11111,123.77708,123.88377,124.1364
19998,Ramesh Mendis,OFF_SPIN,1.0,137,0.0,0.0,IPL_Men,84.43099,3.54298,77.3748,93.0492,82.0314,86.9652,136.0,0.042,-0.3036,4.5772,0.27085,0.92106,0.17746,0.77671,0.48105,0.23099,136.0,0.13869,0.0,0.0,0.0,0.0,0.0073,0.85401,84.56734,83.022,88.28374
20072,Nkrumah Bonner,LEG_SPIN,1.0,55,0.0,0.03636,IPL_Men,81.52567,3.53418,72.4752,87.2964,79.2594,83.7468,51.0,0.0434,-0.20871,4.37118,0.23483,1.30813,-0.41445,0.68282,-0.20575,0.13784,51.0,0.21818,0.03636,0.0,0.0,0.0,0.0,0.74545,81.52567,86.51212,88.8083
20351,Anderson Phillip,unknown,1.0,35,0.0,0.0,IPL_Men,138.00786,2.49118,133.0812,142.8876,136.4796,139.7556,31.0,0.0181,-0.33494,8.62123,0.16901,2.66424,-0.02703,1.02948,0.3079,0.17779,31.0,0.31429,0.0,0.25714,0.0,0.28571,0.02857,0.11429,136.84423,138.96614,129.56412
20593,Akeal Hosein,ORTHODOX,0.0,317,0.02839,0.0,IPL_Men,87.3708,4.07584,72.8424,96.786,84.8709,90.3519,306.0,0.0466,0.15525,5.07548,0.27509,1.05716,-0.01445,0.73492,-0.1697,0.24842,306.0,0.32177,0.0,0.00631,0.0,0.0,0.02524,0.64669,87.69523,86.54086,86.95849
